Provider Type Code,Provider Type Description,Provider Specialty Code,Provider Specialty Description,nucc_code,Taxonomy Description,match_confidence
"=""01""",GENERAL HOSPITAL,"=""200""",HOSPITAL WITH BIRTH/DELIVERY SERVICES,282N00000X,GENERAL ACUTE CARE HOSPITAL,source
"=""01""",GENERAL HOSPITAL,"=""200""",HOSPITAL WITH BIRTH/DELIVERY SERVICES,282NW0100X,GENERAL ACUTE CARE HOSPITAL - WOMEN,source
"=""01""",GENERAL HOSPITAL,"=""200""",HOSPITAL WITH BIRTH/DELIVERY SERVICES,284300000X,SPECIAL HOSPITAL,source
"=""01""",GENERAL HOSPITAL,"=""201""",EMERGENCY SERVICES,282N00000X,GENERAL ACUTE CARE HOSPITAL,source
"=""01""",GENERAL HOSPITAL,"=""201""",EMERGENCY SERVICES,284300000X,SPECIAL HOSPITAL,source
"=""01""",GENERAL HOSPITAL,"=""210""",PSYCHIATRIC COMMUNITY HOSPITAL/CSU CAP ONLY ADULT,284300000X,SPECIAL HOSPITAL,source
"=""01""",GENERAL HOSPITAL,"=""211""",PSYCHIATRIC COMMUNITY HOSPITAL/CSU CAP ONLY CHILD,284300000X,SPECIAL HOSPITAL,source
"=""01""",GENERAL HOSPITAL,"=""901""",GENERAL HOSPITAL,261QC0050X,CLINIC/CENTER - CRITICAL ACCESS HOSPITAL,source
"=""01""",GENERAL HOSPITAL,"=""901""",GENERAL HOSPITAL,273100000X,EPILEPSY UNIT,source
"=""01""",GENERAL HOSPITAL,"=""901""",GENERAL HOSPITAL,273R00000X,PSYCHIATRIC UNIT,source
"=""01""",GENERAL HOSPITAL,"=""901""",GENERAL HOSPITAL,273Y00000X,REHABILITATION UNIT,source
"=""01""",GENERAL HOSPITAL,"=""901""",GENERAL HOSPITAL,276400000X,"REHABILITATION, SUBSTANCE USE DISORDER UNIT",source
"=""01""",GENERAL HOSPITAL,"=""901""",GENERAL HOSPITAL,282N00000X,GENERAL ACUTE CARE HOSPITAL,source
"=""01""",GENERAL HOSPITAL,"=""901""",GENERAL HOSPITAL,282NC0060X,GENERAL ACUTE CARE HOSPITAL - CRITICAL ACCESS,source
"=""01""",GENERAL HOSPITAL,"=""901""",GENERAL HOSPITAL,282NC2000X,GENERAL ACUTE CARE HOSPITAL - CHILDREN,source
"=""01""",GENERAL HOSPITAL,"=""901""",GENERAL HOSPITAL,282NR1301X,GENERAL ACUTE CARE HOSPITAL - RURAL,source
"=""01""",GENERAL HOSPITAL,"=""901""",GENERAL HOSPITAL,282NW0100X,GENERAL ACUTE CARE HOSPITAL - WOMEN,source
"=""01""",GENERAL HOSPITAL,"=""901""",GENERAL HOSPITAL,284300000X,SPECIAL HOSPITAL,source
"=""04""",STATE MENTAL HOSPITAL,"=""904""",STATE MENTAL HOSPITAL,283Q00000X,PSYCHIATRIC HOSPITAL,source
"=""05""",COMMUNITY BEHAVIORAL HEALTH SERVICES,"=""202""",QUALIFIED RESIDENTIAL TREATMENT PROGRAM,322D00000X,"RESIDENTIAL TREATMENT FACILITY, EMOTIONALLY DISTURBED CHILDREN",source
"=""05""",COMMUNITY BEHAVIORAL HEALTH SERVICES,"=""203""",LICENSED RESIDENTIAL TREATMENT PROGRAM,322D00000X,"RESIDENTIAL TREATMENT FACILITY, EMOTIONALLY DISTURBED CHILDREN",source
"=""05""",COMMUNITY BEHAVIORAL HEALTH SERVICES,"=""204""",THERAPEUTIC GROUP CARE,320800000X,"COMMUNITY BASED RESIDENTIAL TREATMENT FACILITY, MENTAL ILLNESS",source
"=""05""",COMMUNITY BEHAVIORAL HEALTH SERVICES,"=""905""",COMMUNITY MENTAL HEALTH SERVICES,251S00000X,COMMUNITY/BEHAVIORAL HEALTH,source
"=""05""",COMMUNITY BEHAVIORAL HEALTH SERVICES,"=""905""",COMMUNITY MENTAL HEALTH SERVICES,261QC1500X,CLINIC/CENTER - COMMUNITY HEALTH,source
"=""05""",COMMUNITY BEHAVIORAL HEALTH SERVICES,"=""905""",COMMUNITY MENTAL HEALTH SERVICES,261QM0801X,CLINIC/CENTER - MENTAL HEALTH (INCLUDING COMMUNITY MENTAL HEALTH CENTER),source
"=""05""",COMMUNITY BEHAVIORAL HEALTH SERVICES,"=""905""",COMMUNITY MENTAL HEALTH SERVICES,261QM0850X,CLINIC/CENTER - ADULT MENTAL HEALTH,source
"=""05""",COMMUNITY BEHAVIORAL HEALTH SERVICES,"=""905""",COMMUNITY MENTAL HEALTH SERVICES,261QM0855X,CLINIC/CENTER - ADOLESCENT AND CHILDREN MENTAL HEALTH,source
"=""06""",AMBULATORY HEALTH CARE FACILITY,"=""906""",AMBULATORY SURGERY CENTER,261Q00000X,CLINIC/CENTER,source
"=""06""",AMBULATORY HEALTH CARE FACILITY,"=""906""",AMBULATORY SURGERY CENTER,261QA0005X,CLINIC/CENTER - AMBULATORY FAMILY PLANNING FACILITY,source
"=""06""",AMBULATORY HEALTH CARE FACILITY,"=""906""",AMBULATORY SURGERY CENTER,261QA0006X,CLINIC/CENTER - AMBULATORY FERTILITY FACILITY,source
"=""06""",AMBULATORY HEALTH CARE FACILITY,"=""906""",AMBULATORY SURGERY CENTER,261QA1903X,CLINIC/CENTER - AMBULATORY SURGICAL,source
"=""06""",AMBULATORY HEALTH CARE FACILITY,"=""906""",AMBULATORY SURGERY CENTER,261QD0000X,CLINIC/CENTER - DENTAL,source
"=""06""",AMBULATORY HEALTH CARE FACILITY,"=""906""",AMBULATORY SURGERY CENTER,261QE0800X,CLINIC/CENTER - ENDOSCOPY,source
"=""06""",AMBULATORY HEALTH CARE FACILITY,"=""906""",AMBULATORY SURGERY CENTER,261QF0050X,"CLINIC/CENTER - FAMILY PLANNING, NON-SURGICAL",source
"=""06""",AMBULATORY HEALTH CARE FACILITY,"=""906""",AMBULATORY SURGERY CENTER,261QG0250X,CLINIC/CENTER - GENETICS,source
"=""06""",AMBULATORY HEALTH CARE FACILITY,"=""906""",AMBULATORY SURGERY CENTER,261QL0400X,CLINIC/CENTER - LITHOTRIPSY,source
"=""07""",SPECIALIZED THERAPEUTIC SERVICES,"=""066""",COMPREHENSIVE BEHAVIORAL HEALTH ASSESSMENT,101YM0800X,COUNSELOR - MENTAL HEALTH,source
"=""07""",SPECIALIZED THERAPEUTIC SERVICES,"=""066""",COMPREHENSIVE BEHAVIORAL HEALTH ASSESSMENT,103T00000X,PSYCHOLOGIST,source
"=""07""",SPECIALIZED THERAPEUTIC SERVICES,"=""067""",SPECIALIZED THERAPEUTIC FOSTER CARE,253J00000X,FOSTER CARE AGENCY,source
"=""07""",SPECIALIZED THERAPEUTIC SERVICES,"=""907""",SPECIALIZED THERAPEUTIC SERVICES,101YM0800X,COUNSELOR - MENTAL HEALTH,source
"=""07""",SPECIALIZED THERAPEUTIC SERVICES,"=""907""",SPECIALIZED THERAPEUTIC SERVICES,103T00000X,PSYCHOLOGIST,source
"=""08""",SCHOOL DISTRICT,"=""908""",SCHOOL DISTRICT,251300000X,LOCAL EDUCATION AGENCY (LEA),source
"=""09""",HOSPITAL-BASED SKILLED NURSING FACILITY,"=""909""",HOSPITAL-BASED SKILLED NURSING FACILITY,313M00000X,NURSING FACILITY/INTERMEDIATE CARE FACILITY,source
"=""10""",SKILLED NURSING FACILITY,"=""910""",SKILLED NURSING FACILITY,311500000X,ALZHEIMER CENTER (DEMENTIA CENTER),source
"=""10""",SKILLED NURSING FACILITY,"=""910""",SKILLED NURSING FACILITY,313M00000X,NURSING FACILITY/INTERMEDIATE CARE FACILITY,source
"=""10""",SKILLED NURSING FACILITY,"=""910""",SKILLED NURSING FACILITY,314000000X,SKILLED NURSING FACILITY,source
"=""10""",SKILLED NURSING FACILITY,"=""910""",SKILLED NURSING FACILITY,3140N1450X,"SKILLED NURSING FACILITY - NURSING CARE, PEDIATRIC",source
"=""11""",STATE ICF/DD FACILITY,"=""911""",STATE ICF/DD FACILITY,310500000X,"INTERMEDIATE CARE FACILITY, MENTAL ILLNESS",source
"=""11""",STATE ICF/DD FACILITY,"=""911""",STATE ICF/DD FACILITY,315P00000X,"INTERMEDIATE CARE FACILITY, MENTALLY RETARDED",source
"=""11""",STATE ICF/DD FACILITY,"=""911""",STATE ICF/DD FACILITY,320600000X,"RESIDENTIAL TREATMENT FACILITY, MENTAL RETARDATION AND/OR DEVELOPMENTAL DISABILITIES",source
"=""11""",STATE ICF/DD FACILITY,"=""911""",STATE ICF/DD FACILITY,320700000X,"RESIDENTIAL TREATMENT FACILITY, PHYSICAL DISABILITIES",source
"=""12""",PRIVATE ICF/DD FACILITY,"=""912""",PRIVATE ICF/DD FACILITY,310500000X,"INTERMEDIATE CARE FACILITY, MENTAL ILLNESS",source
"=""12""",PRIVATE ICF/DD FACILITY,"=""912""",PRIVATE ICF/DD FACILITY,315P00000X,"INTERMEDIATE CARE FACILITY, MENTALLY RETARDED",source
"=""12""",PRIVATE ICF/DD FACILITY,"=""912""",PRIVATE ICF/DD FACILITY,320600000X,"RESIDENTIAL TREATMENT FACILITY, MENTAL RETARDATION AND/OR DEVELOPMENTAL DISABILITIES",source
"=""12""",PRIVATE ICF/DD FACILITY,"=""912""",PRIVATE ICF/DD FACILITY,320700000X,"RESIDENTIAL TREATMENT FACILITY, PHYSICAL DISABILITIES",source
"=""13""",RURAL HOSPITAL SWING BED FACILITY,"=""913""",RURAL HOSPITAL SWING BED FACILITY,275N00000X,MEDICARE DEFINED SWING BED UNIT,source
"=""14""",ASSISTIVE CARE SERVICES,"=""121""",ASSISTED LIVING,310400000X,ASSISTED LIVING FACILITY,source
"=""14""",ASSISTIVE CARE SERVICES,"=""121""",ASSISTED LIVING,3104A0630X,"ASSISTED LIVING FACILITY - ASSISTED LIVING, BEHAVIORAL DISTURBANCES",source
"=""14""",ASSISTIVE CARE SERVICES,"=""121""",ASSISTED LIVING,311Z00000X,CUSTODIAL CARE FACILITY,source
"=""14""",ASSISTIVE CARE SERVICES,"=""122""",EXTENDED CONGREGATE CARE,310400000X,ASSISTED LIVING FACILITY,source
"=""14""",ASSISTIVE CARE SERVICES,"=""122""",EXTENDED CONGREGATE CARE,311Z00000X,CUSTODIAL CARE FACILITY,source
"=""14""",ASSISTIVE CARE SERVICES,"=""123""",LIMITED NURSING SPECIALTY LICENSE,310400000X,ASSISTED LIVING FACILITY,source
"=""14""",ASSISTIVE CARE SERVICES,"=""123""",LIMITED NURSING SPECIALTY LICENSE,311Z00000X,CUSTODIAL CARE FACILITY,source
"=""14""",ASSISTIVE CARE SERVICES,"=""124""",LIMITED MENTAL HEALTH SPECIALTY LICENSE,3104A0625X,"ASSISTED LIVING FACILITY - ASSISTED LIVING, MENTAL ILLNESS",source
"=""14""",ASSISTIVE CARE SERVICES,"=""124""",LIMITED MENTAL HEALTH SPECIALTY LICENSE,311Z00000X,CUSTODIAL CARE FACILITY,source
"=""14""",ASSISTIVE CARE SERVICES,"=""125""",ADULT FAMILY CARE HOME,311ZA0620X,CUSTODIAL CARE FACILITY - ADULT CARE HOME,source
"=""14""",ASSISTIVE CARE SERVICES,"=""126""",RESIDENTIAL TREATMENT FACILITY,310400000X,ASSISTED LIVING FACILITY,source
"=""14""",ASSISTIVE CARE SERVICES,"=""914""",ASSISTIVE CARE SERVICES,251X00000X,SUPPORTS BROKERAGE,source
"=""14""",ASSISTIVE CARE SERVICES,"=""914""",ASSISTIVE CARE SERVICES,310400000X,ASSISTED LIVING FACILITY,source
"=""14""",ASSISTIVE CARE SERVICES,"=""914""",ASSISTIVE CARE SERVICES,3747A0650X,TECHNICIAN - ATTENDANT CARE PROVIDER,source
"=""15""",HOSPICE,"=""915""",HOSPICE,251G00000X,"HOSPICE CARE, COMMUNITY BASED",source
"=""15""",HOSPICE,"=""915""",HOSPICE,315D00000X,"HOSPICE, INPATIENT",source
"=""16""",RESIDENTIAL AND FREESTANDING PSYCHIATRIC FACILITY,"=""300""",FREESTANDING PSYCHIATRIC HOSPITAL FOR CHILDREN,283Q00000X,PSYCHIATRIC HOSPITAL,source
"=""16""",RESIDENTIAL AND FREESTANDING PSYCHIATRIC FACILITY,"=""300""",FREESTANDING PSYCHIATRIC HOSPITAL FOR CHILDREN,284300000X,SPECIAL HOSPITAL,source
"=""16""",RESIDENTIAL AND FREESTANDING PSYCHIATRIC FACILITY,"=""300""",FREESTANDING PSYCHIATRIC HOSPITAL FOR CHILDREN,322D00000X,"RESIDENTIAL TREATMENT FACILITY, EMOTIONALLY DISTURBED CHILDREN",source
"=""16""",RESIDENTIAL AND FREESTANDING PSYCHIATRIC FACILITY,"=""301""",FREESTANDING PSYCHIATRIC HOSPITAL FOR ADULTS,283Q00000X,PSYCHIATRIC HOSPITAL,source
"=""16""",RESIDENTIAL AND FREESTANDING PSYCHIATRIC FACILITY,"=""301""",FREESTANDING PSYCHIATRIC HOSPITAL FOR ADULTS,284300000X,SPECIAL HOSPITAL,source
"=""16""",RESIDENTIAL AND FREESTANDING PSYCHIATRIC FACILITY,"=""302""",ADDICTIONS RECEIVING FACILITIES,283Q00000X,PSYCHIATRIC HOSPITAL,source
"=""16""",RESIDENTIAL AND FREESTANDING PSYCHIATRIC FACILITY,"=""302""",ADDICTIONS RECEIVING FACILITIES,284300000X,SPECIAL HOSPITAL,source
"=""16""",RESIDENTIAL AND FREESTANDING PSYCHIATRIC FACILITY,"=""302""",ADDICTIONS RECEIVING FACILITIES,324500000X,SUBSTANCE ABUSE REHABILITATION FACILITY,source
"=""16""",RESIDENTIAL AND FREESTANDING PSYCHIATRIC FACILITY,"=""303""",RESIDENTIAL TREATMENT CENTERS FOR CHILD/ADOLESCENT,283Q00000X,PSYCHIATRIC HOSPITAL,source
"=""16""",RESIDENTIAL AND FREESTANDING PSYCHIATRIC FACILITY,"=""303""",RESIDENTIAL TREATMENT CENTERS FOR CHILD/ADOLESCENT,284300000X,SPECIAL HOSPITAL,source
"=""16""",RESIDENTIAL AND FREESTANDING PSYCHIATRIC FACILITY,"=""303""",RESIDENTIAL TREATMENT CENTERS FOR CHILD/ADOLESCENT,323P00000X,PSYCHIATRIC RESIDENTIAL TREATMENT FACILITY,source
"=""16""",RESIDENTIAL AND FREESTANDING PSYCHIATRIC FACILITY,"=""303""",RESIDENTIAL TREATMENT CENTERS FOR CHILD/ADOLESCENT,3245S0500X,"SUBSTANCE ABUSE REHABILITATION FACILITY - SUBSTANCE ABUSE TREATMENT, CHILDREN",source
"=""16""",RESIDENTIAL AND FREESTANDING PSYCHIATRIC FACILITY,"=""304""",CRISIS STABILIZATION UNIT,283Q00000X,PSYCHIATRIC HOSPITAL,source
"=""16""",RESIDENTIAL AND FREESTANDING PSYCHIATRIC FACILITY,"=""304""",CRISIS STABILIZATION UNIT,284300000X,SPECIAL HOSPITAL,source
"=""16""",RESIDENTIAL AND FREESTANDING PSYCHIATRIC FACILITY,"=""305""",SHORT-TERM RESIDENTIAL TREATMENT,283Q00000X,PSYCHIATRIC HOSPITAL,source
"=""16""",RESIDENTIAL AND FREESTANDING PSYCHIATRIC FACILITY,"=""305""",SHORT-TERM RESIDENTIAL TREATMENT,284300000X,SPECIAL HOSPITAL,source
"=""16""",RESIDENTIAL AND FREESTANDING PSYCHIATRIC FACILITY,"=""306""",PSYCHIATRIC RESIDENTIAL TREATEMENT FACILITY,283Q00000X,PSYCHIATRIC HOSPITAL,source
"=""16""",RESIDENTIAL AND FREESTANDING PSYCHIATRIC FACILITY,"=""306""",PSYCHIATRIC RESIDENTIAL TREATEMENT FACILITY,284300000X,SPECIAL HOSPITAL,source
"=""16""",RESIDENTIAL AND FREESTANDING PSYCHIATRIC FACILITY,"=""916""",SIPP,284300000X,SPECIAL HOSPITAL,source
"=""16""",RESIDENTIAL AND FREESTANDING PSYCHIATRIC FACILITY,"=""916""",SIPP,323P00000X,PSYCHIATRIC RESIDENTIAL TREATMENT FACILITY,source
"=""16""",RESIDENTIAL AND FREESTANDING PSYCHIATRIC FACILITY,"=""917""",OUT OF STATE SIPP,284300000X,SPECIAL HOSPITAL,source
"=""16""",RESIDENTIAL AND FREESTANDING PSYCHIATRIC FACILITY,"=""917""",OUT OF STATE SIPP,323P00000X,PSYCHIATRIC RESIDENTIAL TREATMENT FACILITY,source
"=""20""",PRESCRIBED DRUG SERVICES,"=""150""",COMMUNITY PHARMACY,333600000X,PHARMACY,source
"=""20""",PRESCRIBED DRUG SERVICES,"=""150""",COMMUNITY PHARMACY,3336C0003X,PHARMACY - COMMUNITY/RETAIL PHARMACY,source
"=""20""",PRESCRIBED DRUG SERVICES,"=""150""",COMMUNITY PHARMACY,3336C0004X,PHARMACY - COMPOUNDING PHARMACY,source
"=""20""",PRESCRIBED DRUG SERVICES,"=""151""",INFUSION PHARMACY,261QI0500X,CLINIC/CENTER - INFUSION THERAPY,source
"=""20""",PRESCRIBED DRUG SERVICES,"=""151""",INFUSION PHARMACY,3336H0001X,PHARMACY - HOME INFUSION THERAPY PHARMACY,source
"=""20""",PRESCRIBED DRUG SERVICES,"=""152""",LTC - NON COMMUNITY,3336L0003X,PHARMACY - LONG TERM CARE PHARMACY,source
"=""20""",PRESCRIBED DRUG SERVICES,"=""153""",INSTITUTIONAL CLASS I PHARMACY (HOSPITAL/NH),3336C0002X,PHARMACY - CLINIC PHARMACY,source
"=""20""",PRESCRIBED DRUG SERVICES,"=""153""",INSTITUTIONAL CLASS I PHARMACY (HOSPITAL/NH),3336I0012X,PHARMACY - INSTITUTIONAL PHARMACY,source
"=""20""",PRESCRIBED DRUG SERVICES,"=""154""",TAX SUPPORTED,3336C0003X,PHARMACY - COMMUNITY/RETAIL PHARMACY,source
"=""20""",PRESCRIBED DRUG SERVICES,"=""155""",340B PHARMACY,3336C0003X,PHARMACY - COMMUNITY/RETAIL PHARMACY,source
"=""20""",PRESCRIBED DRUG SERVICES,"=""156""",DISPENSING PRACTITIONER,332900000X,NON-PHARMACY DISPENSING SITE,source
"=""20""",PRESCRIBED DRUG SERVICES,"=""157""",NUCLEAR PHARMACY,3336N0007X,PHARMACY - NUCLEAR PHARMACY,source
"=""20""",PRESCRIBED DRUG SERVICES,"=""158""","SPECIAL PHARMACY (PARENTERAL, ALF, CLSD SYS, ESRD)",3336S0011X,PHARMACY - SPECIALTY PHARMACY,source
"=""23""",MEDICAL FOSTER CARE/ PERSONAL CARE PROVIDER,"=""923""",MEDICAL FOSTER CARE/ PERSONAL CARE PROVIDER,3747P1801X,TECHNICIAN - PERSONAL CARE ATTENDANT,source
"=""24""",PRESCRIBED PEDIATRIC EXTENDED CARE (PPECC),"=""924""",PRESCRIBED PEDIATRIC EXTENDED CARE (PPECC),261QM3000X,CLINIC/CENTER - MEDICALLY FRAGILE INTANTS AND CHILDREN DAY CARE,source
"=""25""",PHYSICIAN (M.D.),"=""001""",ADOLESCENT MEDICINE,207QA0000X,FAMILY MEDICINE - ADOLESCENT MEDICINE,source
"=""25""",PHYSICIAN (M.D.),"=""001""",ADOLESCENT MEDICINE,207RA0000X,INTERNAL MEDICINE - ADOLESCENT MEDICINE,source
"=""25""",PHYSICIAN (M.D.),"=""001""",ADOLESCENT MEDICINE,2080A0000X,PEDIATRICS - ADOLESCENT MEDICINE,source
"=""25""",PHYSICIAN (M.D.),"=""001""",ADOLESCENT MEDICINE,2084E0001X,EPILEPSY PHYSICIAN,source
"=""25""",PHYSICIAN (M.D.),"=""001""",ADOLESCENT MEDICINE,261Q00000X,CLINIC/CENTER,source
"=""25""",PHYSICIAN (M.D.),"=""002""",ALLERGY,207K00000X,ALLERGY & IMMUNOLOGY,source
"=""25""",PHYSICIAN (M.D.),"=""002""",ALLERGY,207KA0200X,ALLERGY & IMMUNOLOGY - ALLERGY,source
"=""25""",PHYSICIAN (M.D.),"=""002""",ALLERGY,261Q00000X,CLINIC/CENTER,source
"=""25""",PHYSICIAN (M.D.),"=""003""",ANESTHESIOLOGY,207L00000X,ANESTHESIOLOGY,source
"=""25""",PHYSICIAN (M.D.),"=""003""",ANESTHESIOLOGY,207LA0401X,ANESTHESIOLOGY - ADDICTION MEDICINE,source
"=""25""",PHYSICIAN (M.D.),"=""003""",ANESTHESIOLOGY,207LC0200X,ANESTHESIOLOGY - CRITICAL CARE MEDICINE,source
"=""25""",PHYSICIAN (M.D.),"=""003""",ANESTHESIOLOGY,207LH0002X,ANESTHESIOLOGY - HOSPICE AND PALLIATIVE MEDICINE,source
"=""25""",PHYSICIAN (M.D.),"=""003""",ANESTHESIOLOGY,207LP2900X,ANESTHESIOLOGY - PAIN MEDICINE,source
"=""25""",PHYSICIAN (M.D.),"=""003""",ANESTHESIOLOGY,207LP3000X,ANESTHESIOLOGY - PEDIATRIC ANESTHESIOLOGY,source
"=""25""",PHYSICIAN (M.D.),"=""003""",ANESTHESIOLOGY,207LP4000X,ANESTHESIOLOGY - PHYSICIAN NUTRITION SPECIALIST,source
"=""25""",PHYSICIAN (M.D.),"=""003""",ANESTHESIOLOGY,261Q00000X,CLINIC/CENTER,source
"=""25""",PHYSICIAN (M.D.),"=""004""",CARDIOVASCULAR MEDICINE,207RC0000X,INTERNAL MEDICINE - CARDIOVASCULAR DISEASE,source
"=""25""",PHYSICIAN (M.D.),"=""004""",CARDIOVASCULAR MEDICINE,207RC0001X,INTERNAL MEDICINE - CLINICAL CARDIAC ELECTROPHYSIOLOGY,source
"=""25""",PHYSICIAN (M.D.),"=""004""",CARDIOVASCULAR MEDICINE,207RI0011X,INTERNAL MEDICINE - INTERVENTIONAL CARDIOLOGY,source
"=""25""",PHYSICIAN (M.D.),"=""004""",CARDIOVASCULAR MEDICINE,261Q00000X,CLINIC/CENTER,source
"=""25""",PHYSICIAN (M.D.),"=""005""",DERMATOLOGY,207N00000X,DERMATOLOGY,source
"=""25""",PHYSICIAN (M.D.),"=""005""",DERMATOLOGY,207ND0101X,DERMATOLOGY - MOHS-MICROGRAPHIC SURGERY,source
"=""25""",PHYSICIAN (M.D.),"=""005""",DERMATOLOGY,207ND0900X,DERMATOLOGY - DERMATOPATHOLOGY,source
"=""25""",PHYSICIAN (M.D.),"=""005""",DERMATOLOGY,207NI0002X,DERMATOLOGY - CLINICAL & LABORATORY DERMATOLOGICAL IMMUNOLOGY,source
"=""25""",PHYSICIAN (M.D.),"=""005""",DERMATOLOGY,207NP0225X,DERMATOLOGY - PEDIATRIC DERMATOLOGY,source
"=""25""",PHYSICIAN (M.D.),"=""005""",DERMATOLOGY,207NS0135X,DERMATOLOGY - PROCEDURAL DERMATOLOGY,source
"=""25""",PHYSICIAN (M.D.),"=""005""",DERMATOLOGY,261Q00000X,CLINIC/CENTER,source
"=""25""",PHYSICIAN (M.D.),"=""006""",DIABETES,207QB0505X,INTERNAL MEDICINE - DIABETOLOGY,source
"=""25""",PHYSICIAN (M.D.),"=""006""",DIABETES,207QD0401X,FAMILY MEDICINE - DIABETOLOGY,source
"=""25""",PHYSICIAN (M.D.),"=""006""",DIABETES,207RE0101X,"INTERNAL MEDICINE - ENDOCRINOLOGY, DIABETES & METABOLISM",source
"=""25""",PHYSICIAN (M.D.),"=""006""",DIABETES,261Q00000X,CLINIC/CENTER,source
"=""25""",PHYSICIAN (M.D.),"=""007""",EMERGENCY MEDICINE,207P00000X,EMERGENCY MEDICINE,source
"=""25""",PHYSICIAN (M.D.),"=""007""",EMERGENCY MEDICINE,207PE0004X,EMERGENCY MEDICINE - EMERGENCY MEDICAL SERVICES,source
"=""25""",PHYSICIAN (M.D.),"=""007""",EMERGENCY MEDICINE,207PE0005X,EMERGENCY MEDICINE - UNDERSEA AND HYPERBARIC MEDICINE,source
"=""25""",PHYSICIAN (M.D.),"=""007""",EMERGENCY MEDICINE,207PH0002X,EMERGENCY MEDICINE - HOSPICE AND PALLIATIVE MEDICINE,source
"=""25""",PHYSICIAN (M.D.),"=""007""",EMERGENCY MEDICINE,207PP0204X,EMERGENCY MEDICINE - PEDIATRIC EMERGENCY MEDICINE,source
"=""25""",PHYSICIAN (M.D.),"=""007""",EMERGENCY MEDICINE,207PS0010X,EMERGENCY MEDICINE - SPORTS MEDICINE,source
"=""25""",PHYSICIAN (M.D.),"=""007""",EMERGENCY MEDICINE,207PT0002X,EMERGENCY MEDICINE - MEDICAL TOXICOLOGY,source
"=""25""",PHYSICIAN (M.D.),"=""007""",EMERGENCY MEDICINE,261Q00000X,CLINIC/CENTER,source
"=""25""",PHYSICIAN (M.D.),"=""008""",ENDOCRINOLOGY,207RE0101X,"INTERNAL MEDICINE - ENDOCRINOLOGY, DIABETES & METABOLISM",source
"=""25""",PHYSICIAN (M.D.),"=""008""",ENDOCRINOLOGY,261Q00000X,CLINIC/CENTER,source
"=""25""",PHYSICIAN (M.D.),"=""009""",FAMILY PRACTICE,202D00000X,INTEGRATIVE MEDICINE,source
"=""25""",PHYSICIAN (M.D.),"=""009""",FAMILY PRACTICE,207Q00000X,FAMILY MEDICINE,source
"=""25""",PHYSICIAN (M.D.),"=""009""",FAMILY PRACTICE,207QA0401X,FAMILY MEDICINE - ADDICTION MEDICINE,source
"=""25""",PHYSICIAN (M.D.),"=""009""",FAMILY PRACTICE,207QA0505X,FAMILY MEDICINE - ADULT MEDICINE,source
"=""25""",PHYSICIAN (M.D.),"=""009""",FAMILY PRACTICE,207QB0002X,FAMILY MEDICINE - OBESITY MEDICINE,source
"=""25""",PHYSICIAN (M.D.),"=""009""",FAMILY PRACTICE,207QD0401X,FAMILY MEDICINE - DIABETOLOGY,source
"=""25""",PHYSICIAN (M.D.),"=""009""",FAMILY PRACTICE,207QH0002X,FAMILY MEDICINE - HOSPICE AND PALLIATIVE MEDICINE,source
"=""25""",PHYSICIAN (M.D.),"=""009""",FAMILY PRACTICE,207QP0002X,FAMILY MEDICINE - PHYSICIAN NUTRITION SPECIALIST,source
"=""25""",PHYSICIAN (M.D.),"=""009""",FAMILY PRACTICE,207QS0010X,FAMILY MEDICINE - SPORTS MEDICINE,source
"=""25""",PHYSICIAN (M.D.),"=""009""",FAMILY PRACTICE,207QS1201X,FAMILY MEDICINE - SLEEP MEDICINE,source
"=""25""",PHYSICIAN (M.D.),"=""009""",FAMILY PRACTICE,261Q00000X,CLINIC/CENTER,source
"=""25""",PHYSICIAN (M.D.),"=""010""",GASTROENTEROLOGY,207RG0100X,INTERNAL MEDICINE - GASTROENTEROLOGY,source
"=""25""",PHYSICIAN (M.D.),"=""010""",GASTROENTEROLOGY,207RT0003X,INTERNAL MEDICINE - TRANSPLANT HEPATOLOGY,source
"=""25""",PHYSICIAN (M.D.),"=""010""",GASTROENTEROLOGY,261Q00000X,CLINIC/CENTER,source
"=""25""",PHYSICIAN (M.D.),"=""011""",GENERAL PRACTICE (DEFAULT SPEC FOR PHYS),202D00000X,INTEGRATIVE MEDICINE,source
"=""25""",PHYSICIAN (M.D.),"=""011""",GENERAL PRACTICE (DEFAULT SPEC FOR PHYS),2084E0001X,EPILEPSY PHYSICIAN,source
"=""25""",PHYSICIAN (M.D.),"=""011""",GENERAL PRACTICE (DEFAULT SPEC FOR PHYS),208D00000X,GENERAL PRACTICE,source
"=""25""",PHYSICIAN (M.D.),"=""011""",GENERAL PRACTICE (DEFAULT SPEC FOR PHYS),261Q00000X,CLINIC/CENTER,source
"=""25""",PHYSICIAN (M.D.),"=""012""",PREVENTIVE MEDICINE,202D00000X,INTEGRATIVE MEDICINE,source
"=""25""",PHYSICIAN (M.D.),"=""012""",PREVENTIVE MEDICINE,207RA0401X,INTERNAL MEDICINE - ADDICTION MEDICINE,source
"=""25""",PHYSICIAN (M.D.),"=""012""",PREVENTIVE MEDICINE,2083A0100X,PREVENTIVE MEDICINE - AEROSPACE MEDICINE,source
"=""25""",PHYSICIAN (M.D.),"=""012""",PREVENTIVE MEDICINE,2083B0002X,PREVENTIVE MEDICINE - OBESITY MEDICINE,source
"=""25""",PHYSICIAN (M.D.),"=""012""",PREVENTIVE MEDICINE,2083C0008X,PREVENTIVE MEDICINE - CLINICAL INFORMATICS,source
"=""25""",PHYSICIAN (M.D.),"=""012""",PREVENTIVE MEDICINE,2083P0011X,PREVENTIVE MEDICINE - UNDERSEA AND HYPERBARIC MEDICINE,source
"=""25""",PHYSICIAN (M.D.),"=""012""",PREVENTIVE MEDICINE,2083P0500X,PREVENTIVE MEDICINE - PREVENTIVE MEDICINE/OCCUPATIONAL ENVIRONMENTAL MEDICINE,source
"=""25""",PHYSICIAN (M.D.),"=""012""",PREVENTIVE MEDICINE,2083P0901X,PREVENTIVE MEDICINE - PUBLIC HEALTH & GENERAL PREVENTIVE MEDICINE,source
"=""25""",PHYSICIAN (M.D.),"=""012""",PREVENTIVE MEDICINE,2083S0010X,PREVENTIVE MEDICINE - SPORTS MEDICINE,source
"=""25""",PHYSICIAN (M.D.),"=""012""",PREVENTIVE MEDICINE,2083T0002X,PREVENTIVE MEDICINE - MEDICAL TOXICOLOGY,source
"=""25""",PHYSICIAN (M.D.),"=""012""",PREVENTIVE MEDICINE,261Q00000X,CLINIC/CENTER,source
"=""25""",PHYSICIAN (M.D.),"=""013""",GERIATRICS,207QG0300X,FAMILY MEDICINE - GERIATRIC MEDICINE,source
"=""25""",PHYSICIAN (M.D.),"=""013""",GERIATRICS,207RG0300X,INTERNAL MEDICINE - GERIATRIC MEDICINE,source
"=""25""",PHYSICIAN (M.D.),"=""013""",GERIATRICS,261Q00000X,CLINIC/CENTER,source
"=""25""",PHYSICIAN (M.D.),"=""014""",GYNECOLOGY,207VG0400X,OBSTETRICS & GYNECOLOGY - GYNECOLOGY,source
"=""25""",PHYSICIAN (M.D.),"=""014""",GYNECOLOGY,207VX0201X,OBSTETRICS & GYNECOLOGY - GYNECOLOGIC ONCOLOGY,source
"=""25""",PHYSICIAN (M.D.),"=""014""",GYNECOLOGY,261Q00000X,CLINIC/CENTER,source
"=""25""",PHYSICIAN (M.D.),"=""015""",HEMATOLOGY,207RH0000X,INTERNAL MEDICINE - HEMATOLOGY,source
"=""25""",PHYSICIAN (M.D.),"=""015""",HEMATOLOGY,207RH0003X,INTERNAL MEDICINE - HEMATOLOGY & ONCOLOGY,source
"=""25""",PHYSICIAN (M.D.),"=""015""",HEMATOLOGY,207ZH0000X,PATHOLOGY - HEMATOLOGY,source
"=""25""",PHYSICIAN (M.D.),"=""015""",HEMATOLOGY,261Q00000X,CLINIC/CENTER,source
"=""25""",PHYSICIAN (M.D.),"=""016""",IMMUNOLOGY,207KI0005X,ALLERGY & IMMUNOLOGY - CLINICAL & LABORATORY IMMUNOLOGY,source
"=""25""",PHYSICIAN (M.D.),"=""016""",IMMUNOLOGY,207RI0001X,INTERNAL MEDICINE - CLINICAL & LABORATORY IMMUNOLOGY,source
"=""25""",PHYSICIAN (M.D.),"=""016""",IMMUNOLOGY,261Q00000X,CLINIC/CENTER,source
"=""25""",PHYSICIAN (M.D.),"=""017""",INFECTIOUS DISEASES,207RI0200X,INTERNAL MEDICINE - INFECTIOUS DISEASE,source
"=""25""",PHYSICIAN (M.D.),"=""017""",INFECTIOUS DISEASES,261Q00000X,CLINIC/CENTER,source
"=""25""",PHYSICIAN (M.D.),"=""018""",INTERNAL MEDICINE,202D00000X,INTEGRATIVE MEDICINE,source
"=""25""",PHYSICIAN (M.D.),"=""018""",INTERNAL MEDICINE,207QB0505X,INTERNAL MEDICINE - DIABETOLOGY,source
"=""25""",PHYSICIAN (M.D.),"=""018""",INTERNAL MEDICINE,207R00000X,INTERNAL MEDICINE,source
"=""25""",PHYSICIAN (M.D.),"=""018""",INTERNAL MEDICINE,207RA0001X,INTERNAL MEDICINE - ADVANCED HEART FAILURE AND TRANSPLANT CARDIOLOGY,source
"=""25""",PHYSICIAN (M.D.),"=""018""",INTERNAL MEDICINE,207RA0401X,INTERNAL MEDICINE - ADDICTION MEDICINE,source
"=""25""",PHYSICIAN (M.D.),"=""018""",INTERNAL MEDICINE,207RB0002X,INTERNAL MEDICINE - OBESITY MEDICINE,source
"=""25""",PHYSICIAN (M.D.),"=""018""",INTERNAL MEDICINE,207RC0200X,INTERNAL MEDICINE - CRITICAL CARE MEDICINE,source
"=""25""",PHYSICIAN (M.D.),"=""018""",INTERNAL MEDICINE,207RH0002X,INTERNAL MEDICINE - HOSPICE AND PALLIATIVE MEDICINE,source
"=""25""",PHYSICIAN (M.D.),"=""018""",INTERNAL MEDICINE,207RH0005X,INTERNAL MEDICINE - HYPERTENSION SPECIALIST,source
"=""25""",PHYSICIAN (M.D.),"=""018""",INTERNAL MEDICINE,207RI0008X,INTERNAL MEDICINE - HEPATOLOGY,source
"=""25""",PHYSICIAN (M.D.),"=""018""",INTERNAL MEDICINE,207RM1200X,INTERNAL MEDICINE - MAGNETIC RESONANCE IMAGING (MRI),source
"=""25""",PHYSICIAN (M.D.),"=""018""",INTERNAL MEDICINE,207RP1002X,INTERNAL MEDICINE - PHYSICIAN NUTRITION SPECIALIST,source
"=""25""",PHYSICIAN (M.D.),"=""018""",INTERNAL MEDICINE,207RS0010X,INTERNAL MEDICINE - SPORTS MEDICINE,source
"=""25""",PHYSICIAN (M.D.),"=""018""",INTERNAL MEDICINE,207RS0012X,INTERNAL MEDICINE - SLEEP MEDICINE,source
"=""25""",PHYSICIAN (M.D.),"=""018""",INTERNAL MEDICINE,2084E0001X,EPILEPSY PHYSICIAN,source
"=""25""",PHYSICIAN (M.D.),"=""018""",INTERNAL MEDICINE,261Q00000X,CLINIC/CENTER,source
"=""25""",PHYSICIAN (M.D.),"=""018""",INTERNAL MEDICINE,261QI0500X,CLINIC/CENTER - INFUSION THERAPY,source
"=""25""",PHYSICIAN (M.D.),"=""019""",NEONATAL/PERINATAL,2080N0001X,PEDIATRICS - NEONATAL-PERINATAL MEDICINE,source
"=""25""",PHYSICIAN (M.D.),"=""019""",NEONATAL/PERINATAL,261Q00000X,CLINIC/CENTER,source
"=""25""",PHYSICIAN (M.D.),"=""020""",NEOPLASTIC DISEASES,261Q00000X,CLINIC/CENTER,source
"=""25""",PHYSICIAN (M.D.),"=""021""",NEPHROLOGY,207RN0300X,INTERNAL MEDICINE - NEPHROLOGY,source
"=""25""",PHYSICIAN (M.D.),"=""021""",NEPHROLOGY,261Q00000X,CLINIC/CENTER,source
"=""25""",PHYSICIAN (M.D.),"=""022""",NEUROLOGY,2084A2900X,PSYCHIATRY AND NEUROLOGY - NEUROCRITICAL CARE,source
"=""25""",PHYSICIAN (M.D.),"=""022""",NEUROLOGY,2084B0002X,PSYCHIATRY AND NEUROLOGY - OBESITY MEDICINE,source
"=""25""",PHYSICIAN (M.D.),"=""022""",NEUROLOGY,2084B0040X,PSYCHIATRY AND NEUROLOGY - BEHAVIORAL NEUROLOGY AND NEUROPSYCHIATRY,source
"=""25""",PHYSICIAN (M.D.),"=""022""",NEUROLOGY,2084D0003X,PSYCHIATRY & NEUROLOGY - DIAGNOSTIC NEUROIMAGING,source
"=""25""",PHYSICIAN (M.D.),"=""022""",NEUROLOGY,2084E0001X,EPILEPSY PHYSICIAN,source
"=""25""",PHYSICIAN (M.D.),"=""022""",NEUROLOGY,2084H0002X,PSYCHIATRY & NEUROLOGY - HOSPICE AND PALLIATIVE MEDICINE,source
"=""25""",PHYSICIAN (M.D.),"=""022""",NEUROLOGY,2084N0008X,PSYCHIATRY & NEUROLOGY - NEUROMUSCULAR MEDICINE,source
"=""25""",PHYSICIAN (M.D.),"=""022""",NEUROLOGY,2084N0400X,PSYCHIATRY & NEUROLOGY - NEUROLOGY,source
"=""25""",PHYSICIAN (M.D.),"=""022""",NEUROLOGY,2084N0600X,PSYCHIATRY & NEUROLOGY - CLINICAL NEUROPHYSIOLOGY,source
"=""25""",PHYSICIAN (M.D.),"=""022""",NEUROLOGY,2084P0005X,PSYCHIATRY & NEUROLOGY - NEURODEVELOPMENTAL DISABILITIES,source
"=""25""",PHYSICIAN (M.D.),"=""022""",NEUROLOGY,2084P0015X,PSYCHIATRY & NEUROLOGY - PSYCHOSOMATIC MEDICINE,source
"=""25""",PHYSICIAN (M.D.),"=""022""",NEUROLOGY,2084P0301X,PSYCHIATRY AND NEUROLOGY - BRAIN INJURY MEDICINE,source
"=""25""",PHYSICIAN (M.D.),"=""022""",NEUROLOGY,2084P0805X,PSYCHIATRY & NEUROLOGY - GERIATRIC PSYCHIATRY,source
"=""25""",PHYSICIAN (M.D.),"=""022""",NEUROLOGY,2084P2900X,PSYCHIATRY & NEUROLOGY - PAIN MEDICINE,source
"=""25""",PHYSICIAN (M.D.),"=""022""",NEUROLOGY,2084S0010X,PSYCHIATRY & NEUROLOGY - SPORTS MEDICINE,source
"=""25""",PHYSICIAN (M.D.),"=""022""",NEUROLOGY,2084S0012X,PSYCHIATRY & NEUROLOGY - SLEEP MEDICINE,source
"=""25""",PHYSICIAN (M.D.),"=""022""",NEUROLOGY,2084V0102X,PSYCHIATRY & NEUROLOGY - VASCULAR NEUROLOGY,source
"=""25""",PHYSICIAN (M.D.),"=""022""",NEUROLOGY,261Q00000X,CLINIC/CENTER,source
"=""25""",PHYSICIAN (M.D.),"=""023""",NEUROLOGY/CHILDREN,2084E0001X,EPILEPSY PHYSICIAN,source
"=""25""",PHYSICIAN (M.D.),"=""023""",NEUROLOGY/CHILDREN,2084N0402X,PSYCHIATRY & NEUROLOGY - NEUROLOGY WITH SPECIAL QUALIFICATIONS IN CHILD NEUROLOGY,source
"=""25""",PHYSICIAN (M.D.),"=""023""",NEUROLOGY/CHILDREN,2084P0005X,PSYCHIATRY & NEUROLOGY - NEURODEVELOPMENTAL DISABILITIES,source
"=""25""",PHYSICIAN (M.D.),"=""023""",NEUROLOGY/CHILDREN,2084P0301X,PSYCHIATRY AND NEUROLOGY - BRAIN INJURY MEDICINE,source
"=""25""",PHYSICIAN (M.D.),"=""023""",NEUROLOGY/CHILDREN,261Q00000X,CLINIC/CENTER,source
"=""25""",PHYSICIAN (M.D.),"=""024""",NEUROPATHOLOGY,207ZN0500X,PATHOLOGY - NEUROPATHOLOGY,source
"=""25""",PHYSICIAN (M.D.),"=""024""",NEUROPATHOLOGY,2084E0001X,EPILEPSY PHYSICIAN,source
"=""25""",PHYSICIAN (M.D.),"=""024""",NEUROPATHOLOGY,261Q00000X,CLINIC/CENTER,source
"=""25""",PHYSICIAN (M.D.),"=""026""",OBSTETRICS,207VX0000X,OBSTETRICS & GYNECOLOGY - OBSTETRICS,source
"=""25""",PHYSICIAN (M.D.),"=""026""",OBSTETRICS,261Q00000X,CLINIC/CENTER,source
"=""25""",PHYSICIAN (M.D.),"=""027""",OB-GYN,207V00000X,OBSTETRICS & GYNECOLOGY,source
"=""25""",PHYSICIAN (M.D.),"=""027""",OB-GYN,207VB0002X,OBSTETRICS AND GYNECOLOGY - OBESITY MEDICINE,source
"=""25""",PHYSICIAN (M.D.),"=""027""",OB-GYN,207VC0200X,OBSTETRICS & GYNECOLOGY - CRITICAL CARE MEDICINE,source
"=""25""",PHYSICIAN (M.D.),"=""027""",OB-GYN,207VC0300X,OBSTETRICS & GYNECOLOGY - COMPLEX FAMILY PLANNING,source
"=""25""",PHYSICIAN (M.D.),"=""027""",OB-GYN,207VE0102X,OBSTETRICS & GYNECOLOGY - REPRODUCTIVE ENDOCRINOLOGY,source
"=""25""",PHYSICIAN (M.D.),"=""027""",OB-GYN,207VF0040X,UROGYNECOLOGY AND RECONSTRUCTIVE PELVIC SURGERY,source
"=""25""",PHYSICIAN (M.D.),"=""027""",OB-GYN,207VH0002X,OBSTETRICS & GYNECOLOGY - HOSPICE AND PALLIATIVE MEDICINE,source
"=""25""",PHYSICIAN (M.D.),"=""027""",OB-GYN,261Q00000X,CLINIC/CENTER,source
"=""25""",PHYSICIAN (M.D.),"=""028""",OCCUPATIONAL MEDICINE,2083X0100X,PREVENTIVE MEDICINE - OCCUPATIONAL MEDICINE,source
"=""25""",PHYSICIAN (M.D.),"=""028""",OCCUPATIONAL MEDICINE,261Q00000X,CLINIC/CENTER,source
"=""25""",PHYSICIAN (M.D.),"=""029""",ONCOLOGY,207RH0003X,INTERNAL MEDICINE - HEMATOLOGY & ONCOLOGY,source
"=""25""",PHYSICIAN (M.D.),"=""029""",ONCOLOGY,207RX0202X,INTERNAL MEDICINE - MEDICAL ONCOLOGY,source
"=""25""",PHYSICIAN (M.D.),"=""029""",ONCOLOGY,261Q00000X,CLINIC/CENTER,source
"=""25""",PHYSICIAN (M.D.),"=""030""",OPHTHALMOLOGY,207W00000X,OPHTHALMOLOGY,source
"=""25""",PHYSICIAN (M.D.),"=""030""",OPHTHALMOLOGY,207WX0200X,OPHTHALMOLOGY - OPHTHALMIC PLASTIC AND RECONSTRUCTIVE SURGERY,source
"=""25""",PHYSICIAN (M.D.),"=""030""",OPHTHALMOLOGY,261Q00000X,CLINIC/CENTER,source
"=""25""",PHYSICIAN (M.D.),"=""031""",OTOLARYNGOLOGY,207Y00000X,OTOLARYNGOLOGY,source
"=""25""",PHYSICIAN (M.D.),"=""031""",OTOLARYNGOLOGY,207YP0228X,OTOLARYNGOLOGY - PEDIATRIC OTOLARYNGOLOGY,source
"=""25""",PHYSICIAN (M.D.),"=""031""",OTOLARYNGOLOGY,207YS0012X,OTOLARYNGOLOGY - SLEEP MEDICINE,source
"=""25""",PHYSICIAN (M.D.),"=""031""",OTOLARYNGOLOGY,207YS0123X,OTOLARYNGOLOGY - FACIAL PLASTIC SURGERY,source
"=""25""",PHYSICIAN (M.D.),"=""031""",OTOLARYNGOLOGY,207YX0007X,OTOLARYNGOLOGY - PLASTIC SURGERY WITHIN THE HEAD & NECK,source
"=""25""",PHYSICIAN (M.D.),"=""031""",OTOLARYNGOLOGY,207YX0602X,OTOLARYNGOLOGY - OTOLARYNGIC ALLERGY,source
"=""25""",PHYSICIAN (M.D.),"=""031""",OTOLARYNGOLOGY,207YX0901X,OTOLARYNGOLOGY - OTOLOGY & NEUROTOLOGY,source
"=""25""",PHYSICIAN (M.D.),"=""031""",OTOLARYNGOLOGY,207YX0905X,OTOLARYNGOLOGY - OTOLARYNGOLOGY/FACIAL PLASTIC SURGERY,source
"=""25""",PHYSICIAN (M.D.),"=""031""",OTOLARYNGOLOGY,261Q00000X,CLINIC/CENTER,source
"=""25""",PHYSICIAN (M.D.),"=""032""",PATHOLOGY,207SM0001X,MEDICAL GENETICS - MOLECULAR GENETIC PATHOLOGY,source
"=""25""",PHYSICIAN (M.D.),"=""032""",PATHOLOGY,207ZB0001X,PATHOLOGY - BLOOD BANKING & TRANSFUSION MEDICINE,source
"=""25""",PHYSICIAN (M.D.),"=""032""",PATHOLOGY,207ZC0006X,PATHOLOGY - CLINICAL PATHOLOGY,source
"=""25""",PHYSICIAN (M.D.),"=""032""",PATHOLOGY,207ZC0008X,PATHOLOGY - CLINICAL INFORMATICS,source
"=""25""",PHYSICIAN (M.D.),"=""032""",PATHOLOGY,207ZC0500X,PATHOLOGY - CYTOPATHOLOGY,source
"=""25""",PHYSICIAN (M.D.),"=""032""",PATHOLOGY,207ZD0900X,PATHOLOGY - DERMATOPATHOLOGY,source
"=""25""",PHYSICIAN (M.D.),"=""032""",PATHOLOGY,207ZI0100X,PATHOLOGY - IMMUNOPATHOLOGY,source
"=""25""",PHYSICIAN (M.D.),"=""032""",PATHOLOGY,207ZM0300X,PATHOLOGY - MEDICAL MICROBIOLOGY,source
"=""25""",PHYSICIAN (M.D.),"=""032""",PATHOLOGY,207ZP0007X,PATHOLOGY - MOLECULAR GENETIC PATHOLOGY,source
"=""25""",PHYSICIAN (M.D.),"=""032""",PATHOLOGY,207ZP0101X,PATHOLOGY - ANATOMIC PATHOLOGY,source
"=""25""",PHYSICIAN (M.D.),"=""032""",PATHOLOGY,207ZP0102X,PATHOLOGY - ANATOMIC PATHOLOGY & CLINICAL PATHOLOGY,source
"=""25""",PHYSICIAN (M.D.),"=""032""",PATHOLOGY,207ZP0104X,PATHOLOGY - CHEMICAL PATHOLOGY,source
"=""25""",PHYSICIAN (M.D.),"=""032""",PATHOLOGY,207ZP0105X,PATHOLOGY - CLINICAL PATHOLOGY/LABORATORY MEDICINE,source
"=""25""",PHYSICIAN (M.D.),"=""032""",PATHOLOGY,207ZP0213X,PATHOLOGY - PEDIATRIC PATHOLOGY,source
"=""25""",PHYSICIAN (M.D.),"=""032""",PATHOLOGY,261Q00000X,CLINIC/CENTER,source
"=""25""",PHYSICIAN (M.D.),"=""033""","PATHOLOGY, CLINICAL",207SM0001X,MEDICAL GENETICS - MOLECULAR GENETIC PATHOLOGY,source
"=""25""",PHYSICIAN (M.D.),"=""033""","PATHOLOGY, CLINICAL",207ZC0006X,PATHOLOGY - CLINICAL PATHOLOGY,source
"=""25""",PHYSICIAN (M.D.),"=""033""","PATHOLOGY, CLINICAL",207ZC0500X,PATHOLOGY - CYTOPATHOLOGY,source
"=""25""",PHYSICIAN (M.D.),"=""033""","PATHOLOGY, CLINICAL",207ZD0900X,PATHOLOGY - DERMATOPATHOLOGY,source
"=""25""",PHYSICIAN (M.D.),"=""033""","PATHOLOGY, CLINICAL",207ZP0104X,PATHOLOGY - CHEMICAL PATHOLOGY,source
"=""25""",PHYSICIAN (M.D.),"=""033""","PATHOLOGY, CLINICAL",207ZP0213X,PATHOLOGY - PEDIATRIC PATHOLOGY,source
"=""25""",PHYSICIAN (M.D.),"=""033""","PATHOLOGY, CLINICAL",261Q00000X,CLINIC/CENTER,source
"=""25""",PHYSICIAN (M.D.),"=""034""","PATHOLOGY, FORENSIC",207ZF0201X,PATHOLOGY - FORENSIC PATHOLOGY,source
"=""25""",PHYSICIAN (M.D.),"=""034""","PATHOLOGY, FORENSIC",261Q00000X,CLINIC/CENTER,source
"=""25""",PHYSICIAN (M.D.),"=""035""",PEDIATRICS,208000000X,PEDIATRICS,source
"=""25""",PHYSICIAN (M.D.),"=""035""",PEDIATRICS,2080B0002X,PEDIATRICS - OBESITY MEDICINE,source
"=""25""",PHYSICIAN (M.D.),"=""035""",PEDIATRICS,2080C0008X,PEDIATRICS - CHILD ABUSE PEDIATRICS,source
"=""25""",PHYSICIAN (M.D.),"=""035""",PEDIATRICS,2080I0007X,PEDIATRICS - CLINICAL & LABORATORY IMMUNOLOGY,source
"=""25""",PHYSICIAN (M.D.),"=""035""",PEDIATRICS,2080P0006X,PEDIATRICS - DEVELOPMENTAL - BEHAVIORAL PEDIATRICS,source
"=""25""",PHYSICIAN (M.D.),"=""035""",PEDIATRICS,2080P0008X,PEDIATRICS - NEURODEVELOPMENTAL DISABILITIES,source
"=""25""",PHYSICIAN (M.D.),"=""035""",PEDIATRICS,2080P0206X,PEDIATRICS - PEDIATRIC GASTROENTEROLOGY,source
"=""25""",PHYSICIAN (M.D.),"=""035""",PEDIATRICS,2080P0208X,PEDIATRICS - PEDIATRIC INFECTIOUS DISEASES,source
"=""25""",PHYSICIAN (M.D.),"=""035""",PEDIATRICS,2080P0214X,PEDIATRICS - PEDIATRIC PULMONOLOGY,source
"=""25""",PHYSICIAN (M.D.),"=""035""",PEDIATRICS,2080P0216X,PEDIATRICS - PEDIATRIC RHEUMATOLOGY,source
"=""25""",PHYSICIAN (M.D.),"=""035""",PEDIATRICS,2080P1004X,PEDIATRICS - PHYSICIAN NUTRITION SPECIALIST,source
"=""25""",PHYSICIAN (M.D.),"=""035""",PEDIATRICS,2080S0010X,PEDIATRICS - SPORTS MEDICINE,source
"=""25""",PHYSICIAN (M.D.),"=""035""",PEDIATRICS,2080S0012X,PEDIATRICS - SLEEP MEDICINE,source
"=""25""",PHYSICIAN (M.D.),"=""035""",PEDIATRICS,2080T0002X,PEDIATRICS - MEDICAL TOXICOLOGY,source
"=""25""",PHYSICIAN (M.D.),"=""035""",PEDIATRICS,2080T0004X,PEDIATRICS - PEDIATRIC TRANSPLANT HEPATOLOGY,source
"=""25""",PHYSICIAN (M.D.),"=""035""",PEDIATRICS,2084E0001X,EPILEPSY PHYSICIAN,source
"=""25""",PHYSICIAN (M.D.),"=""035""",PEDIATRICS,2084P0005X,PSYCHIATRY & NEUROLOGY - NEURODEVELOPMENTAL DISABILITIES,source
"=""25""",PHYSICIAN (M.D.),"=""035""",PEDIATRICS,261Q00000X,CLINIC/CENTER,source
"=""25""",PHYSICIAN (M.D.),"=""036""","PEDIATRICS, ALLERGY",2080P0201X,PEDIATRICS - PEDIATRIC ALLERGY/IMMUNOLOGY,source
"=""25""",PHYSICIAN (M.D.),"=""036""","PEDIATRICS, ALLERGY",261Q00000X,CLINIC/CENTER,source
"=""25""",PHYSICIAN (M.D.),"=""037""","PEDIATRICS, CARDIOLOGY",2080P0202X,PEDIATRICS - PEDIATRIC CARDIOLOGY,source
"=""25""",PHYSICIAN (M.D.),"=""037""","PEDIATRICS, CARDIOLOGY",261Q00000X,CLINIC/CENTER,source
"=""25""",PHYSICIAN (M.D.),"=""038""","PEDIATRICS, ONCOLOGY/HEMATOLOGY",2080P0207X,PEDIATRICS - PEDIATRIC HEMATOLOGY-ONCOLOGY,source
"=""25""",PHYSICIAN (M.D.),"=""038""","PEDIATRICS, ONCOLOGY/HEMATOLOGY",261Q00000X,CLINIC/CENTER,source
"=""25""",PHYSICIAN (M.D.),"=""039""","PEDIATRICS, NEPHROLOGY",2080P0210X,PEDIATRICS - PEDIATRIC NEPHROLOGY,source
"=""25""",PHYSICIAN (M.D.),"=""039""","PEDIATRICS, NEPHROLOGY",261Q00000X,CLINIC/CENTER,source
"=""25""",PHYSICIAN (M.D.),"=""041""",PHYSICAL MEDICINE AND REHAB,208100000X,PHYSICAL MEDICINE & REHABILITATION,source
"=""25""",PHYSICIAN (M.D.),"=""041""",PHYSICAL MEDICINE AND REHAB,2081H0002X,PHYSICAL MEDICINE & REHABILITATION - HOSPICE AND PALLIATIVE MEDICINE,source
"=""25""",PHYSICIAN (M.D.),"=""041""",PHYSICAL MEDICINE AND REHAB,2081N0008X,PHYSICAL MEDICINE & REHABILITATION - NEUROMUSCULAR MEDICINE,source
"=""25""",PHYSICIAN (M.D.),"=""041""",PHYSICAL MEDICINE AND REHAB,2081P0004X,PHYSICAL MEDICINE & REHABILITATION - SPINAL CORD INJURY MEDICINE,source
"=""25""",PHYSICIAN (M.D.),"=""041""",PHYSICAL MEDICINE AND REHAB,2081P0010X,PHYSICAL MEDICINE & REHABILITATION - PEDIATRIC REHABILITATION MEDICINE,source
"=""25""",PHYSICIAN (M.D.),"=""041""",PHYSICAL MEDICINE AND REHAB,2081P0301X,PHYSICAL MEDICINE AND REHABILITATION - BRAIN INJURY MEDICINE,source
"=""25""",PHYSICIAN (M.D.),"=""041""",PHYSICAL MEDICINE AND REHAB,2081P2900X,PHYSICAL MEDICINE & REHABILITATION - PAIN MEDICINE,source
"=""25""",PHYSICIAN (M.D.),"=""041""",PHYSICAL MEDICINE AND REHAB,2081S0010X,PHYSICAL MEDICINE & REHABILITATION - SPORTS MEDICINE,source
"=""25""",PHYSICIAN (M.D.),"=""041""",PHYSICAL MEDICINE AND REHAB,261Q00000X,CLINIC/CENTER,source
"=""25""",PHYSICIAN (M.D.),"=""042""",PSYCHIATRY,207RA0401X,INTERNAL MEDICINE - ADDICTION MEDICINE,source
"=""25""",PHYSICIAN (M.D.),"=""042""",PSYCHIATRY,2084B0002X,PSYCHIATRY AND NEUROLOGY - OBESITY MEDICINE,source
"=""25""",PHYSICIAN (M.D.),"=""042""",PSYCHIATRY,2084F0202X,PSYCHIATRY & NEUROLOGY - FORENSIC PSYCHIATRY,source
"=""25""",PHYSICIAN (M.D.),"=""042""",PSYCHIATRY,2084H0002X,PSYCHIATRY & NEUROLOGY - HOSPICE AND PALLIATIVE MEDICINE,source
"=""25""",PHYSICIAN (M.D.),"=""042""",PSYCHIATRY,2084N0600X,PSYCHIATRY & NEUROLOGY - CLINICAL NEUROPHYSIOLOGY,source
"=""25""",PHYSICIAN (M.D.),"=""042""",PSYCHIATRY,2084P0015X,PSYCHIATRY & NEUROLOGY - PSYCHOSOMATIC MEDICINE,source
"=""25""",PHYSICIAN (M.D.),"=""042""",PSYCHIATRY,2084P0301X,PSYCHIATRY AND NEUROLOGY - BRAIN INJURY MEDICINE,source
"=""25""",PHYSICIAN (M.D.),"=""042""",PSYCHIATRY,2084P0800X,PSYCHIATRY & NEUROLOGY - PSYCHIATRY,source
"=""25""",PHYSICIAN (M.D.),"=""042""",PSYCHIATRY,2084P0802X,PSYCHIATRY & NEUROLOGY - ADDICTION PSYCHIATRY,source
"=""25""",PHYSICIAN (M.D.),"=""042""",PSYCHIATRY,2084P2900X,PSYCHIATRY & NEUROLOGY - PAIN MEDICINE,source
"=""25""",PHYSICIAN (M.D.),"=""042""",PSYCHIATRY,2084S0012X,PSYCHIATRY & NEUROLOGY - SLEEP MEDICINE,source
"=""25""",PHYSICIAN (M.D.),"=""042""",PSYCHIATRY,261Q00000X,CLINIC/CENTER,source
"=""25""",PHYSICIAN (M.D.),"=""043""","PSYCHIATRY, CHILD",2084P0301X,PSYCHIATRY AND NEUROLOGY - BRAIN INJURY MEDICINE,source
"=""25""",PHYSICIAN (M.D.),"=""043""","PSYCHIATRY, CHILD",2084P0804X,PSYCHIATRY & NEUROLOGY - CHILD & ADOLESCENT PSYCHIATRY,source
"=""25""",PHYSICIAN (M.D.),"=""043""","PSYCHIATRY, CHILD",261Q00000X,CLINIC/CENTER,source
"=""25""",PHYSICIAN (M.D.),"=""044""",PSYCHOANALYSIS,261Q00000X,CLINIC/CENTER,source
"=""25""",PHYSICIAN (M.D.),"=""045""",PUBLIC HEALTH,2083P0901X,PREVENTIVE MEDICINE - PUBLIC HEALTH & GENERAL PREVENTIVE MEDICINE,source
"=""25""",PHYSICIAN (M.D.),"=""045""",PUBLIC HEALTH,261Q00000X,CLINIC/CENTER,source
"=""25""",PHYSICIAN (M.D.),"=""046""",PULMONARY DISEASES,207RP1001X,INTERNAL MEDICINE - PULMONARY DISEASE,source
"=""25""",PHYSICIAN (M.D.),"=""046""",PULMONARY DISEASES,2080P0214X,PEDIATRICS - PEDIATRIC PULMONOLOGY,source
"=""25""",PHYSICIAN (M.D.),"=""046""",PULMONARY DISEASES,261Q00000X,CLINIC/CENTER,source
"=""25""",PHYSICIAN (M.D.),"=""047""",RADIOLOGY,2085B0100X,RADIOLOGY - BODY IMAGING,source
"=""25""",PHYSICIAN (M.D.),"=""047""",RADIOLOGY,2085D0003X,RADIOLOGY - DIAGNOSTIC NEUROIMAGING,source
"=""25""",PHYSICIAN (M.D.),"=""047""",RADIOLOGY,261Q00000X,CLINIC/CENTER,source
"=""25""",PHYSICIAN (M.D.),"=""048""","RADIOLOGY, DIAGNOSTIC",207U00000X,NUCLEAR MEDICINE,source
"=""25""",PHYSICIAN (M.D.),"=""048""","RADIOLOGY, DIAGNOSTIC",207UN0901X,NUCLEAR MEDICINE - NUCLEAR CARDIOLOGY,source
"=""25""",PHYSICIAN (M.D.),"=""048""","RADIOLOGY, DIAGNOSTIC",207UN0903X,NUCLEAR MEDICINE - IN VIVO & IN VITRO NUCLEAR MEDICINE,source
"=""25""",PHYSICIAN (M.D.),"=""048""","RADIOLOGY, DIAGNOSTIC",2085N0700X,RADIOLOGY - NEURORADIOLOGY,source
"=""25""",PHYSICIAN (M.D.),"=""048""","RADIOLOGY, DIAGNOSTIC",2085N0904X,RADIOLOGY - NUCLEAR RADIOLOGY,source
"=""25""",PHYSICIAN (M.D.),"=""048""","RADIOLOGY, DIAGNOSTIC",2085R0202X,RADIOLOGY - DIAGNOSTIC RADIOLOGY,source
"=""25""",PHYSICIAN (M.D.),"=""048""","RADIOLOGY, DIAGNOSTIC",2085R0204X,RADIOLOGY - VASCULAR & INTERVENTIONAL RADIOLOGY,source
"=""25""",PHYSICIAN (M.D.),"=""048""","RADIOLOGY, DIAGNOSTIC",2085R0205X,RADIOLOGY - RADIOLOGICAL PHYSICS,source
"=""25""",PHYSICIAN (M.D.),"=""048""","RADIOLOGY, DIAGNOSTIC",261Q00000X,CLINIC/CENTER,source
"=""25""",PHYSICIAN (M.D.),"=""049""","RADIOLOGY, PEDIATRIC",2085P0229X,RADIOLOGY - PEDIATRIC RADIOLOGY,source
"=""25""",PHYSICIAN (M.D.),"=""049""","RADIOLOGY, PEDIATRIC",261Q00000X,CLINIC/CENTER,source
"=""25""",PHYSICIAN (M.D.),"=""050""","RADIOLOGY, THERAPEUTIC",207UN0902X,NUCLEAR MEDICINE - NUCLEAR IMAGING & THERAPY,source
"=""25""",PHYSICIAN (M.D.),"=""050""","RADIOLOGY, THERAPEUTIC",2085H0002X,RADIOLOGY - HOSPICE AND PALLIATIVE MEDICINE,source
"=""25""",PHYSICIAN (M.D.),"=""050""","RADIOLOGY, THERAPEUTIC",2085N0700X,RADIOLOGY - NEURORADIOLOGY,source
"=""25""",PHYSICIAN (M.D.),"=""050""","RADIOLOGY, THERAPEUTIC",2085N0904X,RADIOLOGY - NUCLEAR RADIOLOGY,source
"=""25""",PHYSICIAN (M.D.),"=""050""","RADIOLOGY, THERAPEUTIC",2085R0001X,RADIOLOGY - RADIATION ONCOLOGY,source
"=""25""",PHYSICIAN (M.D.),"=""050""","RADIOLOGY, THERAPEUTIC",2085R0203X,RADIOLOGY - THERAPEUTIC RADIOLOGY,source
"=""25""",PHYSICIAN (M.D.),"=""050""","RADIOLOGY, THERAPEUTIC",2085R0204X,RADIOLOGY - VASCULAR & INTERVENTIONAL RADIOLOGY,source
"=""25""",PHYSICIAN (M.D.),"=""050""","RADIOLOGY, THERAPEUTIC",2085R0205X,RADIOLOGY - RADIOLOGICAL PHYSICS,source
"=""25""",PHYSICIAN (M.D.),"=""050""","RADIOLOGY, THERAPEUTIC",261Q00000X,CLINIC/CENTER,source
"=""25""",PHYSICIAN (M.D.),"=""051""",RHEUMATOLOGY,207RR0500X,INTERNAL MEDICINE - RHEUMATOLOGY,source
"=""25""",PHYSICIAN (M.D.),"=""051""",RHEUMATOLOGY,261Q00000X,CLINIC/CENTER,source
"=""25""",PHYSICIAN (M.D.),"=""052""","SURGERY, ABDOMINAL",208600000X,SURGERY,source
"=""25""",PHYSICIAN (M.D.),"=""052""","SURGERY, ABDOMINAL",261Q00000X,CLINIC/CENTER,source
"=""25""",PHYSICIAN (M.D.),"=""053""","SURGERY, CARDIOVASCULAR",2086S0129X,SURGERY - VASCULAR SURGERY,source
"=""25""",PHYSICIAN (M.D.),"=""053""","SURGERY, CARDIOVASCULAR",261Q00000X,CLINIC/CENTER,source
"=""25""",PHYSICIAN (M.D.),"=""054""","SURGERY, COLON/RECTAL",208C00000X,COLON & RECTAL SURGERY,source
"=""25""",PHYSICIAN (M.D.),"=""054""","SURGERY, COLON/RECTAL",261Q00000X,CLINIC/CENTER,source
"=""25""",PHYSICIAN (M.D.),"=""055""","SURGERY, GENERAL",204E00000X,ORAL & MAXILLOFACIAL SURGERY,source
"=""25""",PHYSICIAN (M.D.),"=""055""","SURGERY, GENERAL",204F00000X,TRANSPLANT SURGERY,source
"=""25""",PHYSICIAN (M.D.),"=""055""","SURGERY, GENERAL",208600000X,SURGERY,source
"=""25""",PHYSICIAN (M.D.),"=""055""","SURGERY, GENERAL",2086H0002X,SURGERY - HOSPICE AND PALLIATIVE MEDICINE,source
"=""25""",PHYSICIAN (M.D.),"=""055""","SURGERY, GENERAL",2086P0122X,SURGERY - PHYSICIAN NUTRITION SPECIALIST,source
"=""25""",PHYSICIAN (M.D.),"=""055""","SURGERY, GENERAL",2086S0102X,SURGERY - SURGICAL CRITICAL CARE,source
"=""25""",PHYSICIAN (M.D.),"=""055""","SURGERY, GENERAL",2086S0129X,SURGERY - VASCULAR SURGERY,source
"=""25""",PHYSICIAN (M.D.),"=""055""","SURGERY, GENERAL",2086X0206X,SURGERY - SURGICAL ONCOLOGY,source
"=""25""",PHYSICIAN (M.D.),"=""055""","SURGERY, GENERAL",261Q00000X,CLINIC/CENTER,source
"=""25""",PHYSICIAN (M.D.),"=""056""","SURGERY, HAND",207XS0106X,ORTHOPAEDIC SURGERY - HAND SURGERY,source
"=""25""",PHYSICIAN (M.D.),"=""056""","SURGERY, HAND",2082S0105X,PLASTIC SURGERY - SURGERY OF THE HAND,source
"=""25""",PHYSICIAN (M.D.),"=""056""","SURGERY, HAND",2086S0105X,SURGERY - SURGERY OF THE HAND,source
"=""25""",PHYSICIAN (M.D.),"=""056""","SURGERY, HAND",261Q00000X,CLINIC/CENTER,source
"=""25""",PHYSICIAN (M.D.),"=""057""","SURGERY, NEUROLOGICAL",207T00000X,NEUROLOGICAL SURGERY,source
"=""25""",PHYSICIAN (M.D.),"=""057""","SURGERY, NEUROLOGICAL",2084E0001X,EPILEPSY PHYSICIAN,source
"=""25""",PHYSICIAN (M.D.),"=""057""","SURGERY, NEUROLOGICAL",261Q00000X,CLINIC/CENTER,source
"=""25""",PHYSICIAN (M.D.),"=""058""","SURGERY, ORTHOPEDIC",207X00000X,ORTHOPAEDIC SURGERY,source
"=""25""",PHYSICIAN (M.D.),"=""058""","SURGERY, ORTHOPEDIC",207XP3100X,ORTHOPAEDIC SURGERY - PEDIATRIC ORTHOPAEDIC SURGERY,source
"=""25""",PHYSICIAN (M.D.),"=""058""","SURGERY, ORTHOPEDIC",207XS0114X,ORTHOPAEDIC SURGERY - ADULT RECONSTRUCTIVE ORTHOPAEDIC SURGERY,source
"=""25""",PHYSICIAN (M.D.),"=""058""","SURGERY, ORTHOPEDIC",207XS0117X,ORTHOPAEDIC SURGERY - ORTHOPAEDIC SURGERY OF THE SPINE,source
"=""25""",PHYSICIAN (M.D.),"=""058""","SURGERY, ORTHOPEDIC",207XX0004X,ORTHOPAEDIC SURGERY - FOOT AND ANKLE SURGERY,source
"=""25""",PHYSICIAN (M.D.),"=""058""","SURGERY, ORTHOPEDIC",207XX0005X,ORTHOPAEDIC SURGERY - SPORTS MEDICINE,source
"=""25""",PHYSICIAN (M.D.),"=""058""","SURGERY, ORTHOPEDIC",207XX0801X,ORTHOPAEDIC SURGERY - ORTHOPAEDIC TRAUMA,source
"=""25""",PHYSICIAN (M.D.),"=""058""","SURGERY, ORTHOPEDIC",261Q00000X,CLINIC/CENTER,source
"=""25""",PHYSICIAN (M.D.),"=""059""","SURGERY, PEDIATRIC",207XP3100X,ORTHOPAEDIC SURGERY - PEDIATRIC ORTHOPAEDIC SURGERY,source
"=""25""",PHYSICIAN (M.D.),"=""059""","SURGERY, PEDIATRIC",2086S0120X,SURGERY - PEDIATRIC SURGERY,source
"=""25""",PHYSICIAN (M.D.),"=""059""","SURGERY, PEDIATRIC",261Q00000X,CLINIC/CENTER,source
"=""25""",PHYSICIAN (M.D.),"=""060""","SURGERY, PLASTIC",207ND0101X,DERMATOLOGY - MOHS-MICROGRAPHIC SURGERY,source
"=""25""",PHYSICIAN (M.D.),"=""060""","SURGERY, PLASTIC",208200000X,PLASTIC SURGERY,source
"=""25""",PHYSICIAN (M.D.),"=""060""","SURGERY, PLASTIC",2082S0099X,PLASTIC SURGERY - PLASTIC SURGERY WITHIN THE HEAD AND NECK,source
"=""25""",PHYSICIAN (M.D.),"=""060""","SURGERY, PLASTIC",2086S0122X,SURGERY - PLASTIC AND RECONSTRUCTIVE SURGERY,source
"=""25""",PHYSICIAN (M.D.),"=""060""","SURGERY, PLASTIC",261Q00000X,CLINIC/CENTER,source
"=""25""",PHYSICIAN (M.D.),"=""061""","SURGERY, THORACIC",208G00000X,THORACIC SURGERY (CARDIOTHORACIC VASCULAR SURGERY),source
"=""25""",PHYSICIAN (M.D.),"=""061""","SURGERY, THORACIC",261Q00000X,CLINIC/CENTER,source
"=""25""",PHYSICIAN (M.D.),"=""062""","SURGERY, TRAUMATIC",207XX0801X,ORTHOPAEDIC SURGERY - ORTHOPAEDIC TRAUMA,source
"=""25""",PHYSICIAN (M.D.),"=""062""","SURGERY, TRAUMATIC",2086S0127X,SURGERY - TRAUMA SURGERY,source
"=""25""",PHYSICIAN (M.D.),"=""062""","SURGERY, TRAUMATIC",261Q00000X,CLINIC/CENTER,source
"=""25""",PHYSICIAN (M.D.),"=""063""","SURGERY, UROLOGICAL",208800000X,UROLOGY,source
"=""25""",PHYSICIAN (M.D.),"=""063""","SURGERY, UROLOGICAL",2088P0231X,UROLOGY - PEDIATRIC UROLOGY,source
"=""25""",PHYSICIAN (M.D.),"=""063""","SURGERY, UROLOGICAL",261Q00000X,CLINIC/CENTER,source
"=""25""",PHYSICIAN (M.D.),"=""065""",MATERNAL/FETAL,207VM0101X,OBSTETRICS & GYNECOLOGY - MATERNAL & FETAL MEDICINE,source
"=""25""",PHYSICIAN (M.D.),"=""065""",MATERNAL/FETAL,261Q00000X,CLINIC/CENTER,source
"=""25""",PHYSICIAN (M.D.),"=""066""",COMPREHENSIVE BEHAVIORAL HEALTH ASSESSMENT,2084P0800X,PSYCHIATRY & NEUROLOGY - PSYCHIATRY,source
"=""25""",PHYSICIAN (M.D.),"=""066""",COMPREHENSIVE BEHAVIORAL HEALTH ASSESSMENT,261Q00000X,CLINIC/CENTER,source
"=""25""",PHYSICIAN (M.D.),"=""067""",SPECIALIZED THERAPEUTIC FOSTER CARE,261Q00000X,CLINIC/CENTER,source
"=""25""",PHYSICIAN (M.D.),"=""100""",GENETICS,207SC0300X,MEDICAL GENETICS - CLINICAL CYTOGENETIC,source
"=""25""",PHYSICIAN (M.D.),"=""100""",GENETICS,207SG0201X,MEDICAL GENETICS - CLINICAL GENETICS (M.D.),source
"=""25""",PHYSICIAN (M.D.),"=""100""",GENETICS,207SG0202X,MEDICAL GENETICS - CLINICAL BIOCHEMICAL GENETICS,source
"=""25""",PHYSICIAN (M.D.),"=""100""",GENETICS,207SG0203X,MEDICAL GENETICS - CLINICAL MOLECULAR GENETICS,source
"=""25""",PHYSICIAN (M.D.),"=""100""",GENETICS,207SG0207X,MEDICAL GENETICS - MEDICAL BIOCHEMICAL GENETICS,source
"=""25""",PHYSICIAN (M.D.),"=""100""",GENETICS,261Q00000X,CLINIC/CENTER,source
"=""25""",PHYSICIAN (M.D.),"=""101""","PEDIATRICS, CRITICAL CARE",2080N0001X,PEDIATRICS - NEONATAL-PERINATAL MEDICINE,source
"=""25""",PHYSICIAN (M.D.),"=""101""","PEDIATRICS, CRITICAL CARE",2080P0203X,PEDIATRICS - PEDIATRIC CRITICAL CARE MEDICINE,source
"=""25""",PHYSICIAN (M.D.),"=""101""","PEDIATRICS, CRITICAL CARE",261Q00000X,CLINIC/CENTER,source
"=""25""",PHYSICIAN (M.D.),"=""102""","PEDIATRICS, EMERGENCY CARE",2080P0204X,PEDIATRICS - PEDIATRIC EMERGENCY MEDICINE,source
"=""25""",PHYSICIAN (M.D.),"=""102""","PEDIATRICS, EMERGENCY CARE",261Q00000X,CLINIC/CENTER,source
"=""25""",PHYSICIAN (M.D.),"=""103""","SURGERY, PEDIATRIC - NON-BOARD CERTIFIED",2086S0120X,SURGERY - PEDIATRIC SURGERY,source
"=""25""",PHYSICIAN (M.D.),"=""103""","SURGERY, PEDIATRIC - NON-BOARD CERTIFIED",261Q00000X,CLINIC/CENTER,source
"=""25""",PHYSICIAN (M.D.),"=""104""","SURGERY, UROLOGIC - NON-BOARD CERTIFIED",208800000X,UROLOGY,source
"=""25""",PHYSICIAN (M.D.),"=""104""","SURGERY, UROLOGIC - NON-BOARD CERTIFIED",261Q00000X,CLINIC/CENTER,source
"=""25""",PHYSICIAN (M.D.),"=""105""",PEDIATRIC PALLIATIVE CARE,2080H0002X,PEDIATRICS - HOSPICE AND PALLIATIVE MEDICINE,source
"=""25""",PHYSICIAN (M.D.),"=""105""",PEDIATRIC PALLIATIVE CARE,261Q00000X,CLINIC/CENTER,source
"=""25""",PHYSICIAN (M.D.),"=""140""",HOSPITALIST,202D00000X,INTEGRATIVE MEDICINE,source
"=""25""",PHYSICIAN (M.D.),"=""140""",HOSPITALIST,207RA0401X,INTERNAL MEDICINE - ADDICTION MEDICINE,source
"=""25""",PHYSICIAN (M.D.),"=""140""",HOSPITALIST,208M00000X,HOSPITALIST,source
"=""25""",PHYSICIAN (M.D.),"=""140""",HOSPITALIST,261Q00000X,CLINIC/CENTER,source
"=""25""",PHYSICIAN (M.D.),"=""205""",ENDOCRINOLOGY (PEDS),2080P0205X,PEDIATRICS - PEDIATRIC ENDOCRINOLOGY,source
"=""25""",PHYSICIAN (M.D.),"=""205""",ENDOCRINOLOGY (PEDS),261Q00000X,CLINIC/CENTER,source
"=""25""",PHYSICIAN (M.D.),"=""209""",UROLOGY,208800000X,UROLOGY,source
"=""25""",PHYSICIAN (M.D.),"=""209""",UROLOGY,2088F0040X,UROGYNECOLOGY AND RECONSTRUCTIVE PELVIC SURGERY,source
"=""25""",PHYSICIAN (M.D.),"=""209""",UROLOGY,261Q00000X,CLINIC/CENTER,source
"=""25""",PHYSICIAN (M.D.),"=""220""",MEDICAL SCHOOL MOBILE UNITS,261Q00000X,CLINIC/CENTER,source
"=""26""",PHYSICIAN (D.O.),"=""001""",ADOLESCENT MEDICINE,207QA0000X,FAMILY MEDICINE - ADOLESCENT MEDICINE,source
"=""26""",PHYSICIAN (D.O.),"=""001""",ADOLESCENT MEDICINE,207RA0000X,INTERNAL MEDICINE - ADOLESCENT MEDICINE,source
"=""26""",PHYSICIAN (D.O.),"=""001""",ADOLESCENT MEDICINE,2080A0000X,PEDIATRICS - ADOLESCENT MEDICINE,source
"=""26""",PHYSICIAN (D.O.),"=""001""",ADOLESCENT MEDICINE,2084E0001X,EPILEPSY PHYSICIAN,source
"=""26""",PHYSICIAN (D.O.),"=""001""",ADOLESCENT MEDICINE,261Q00000X,CLINIC/CENTER,source
"=""26""",PHYSICIAN (D.O.),"=""002""",ALLERGY,207K00000X,ALLERGY & IMMUNOLOGY,source
"=""26""",PHYSICIAN (D.O.),"=""002""",ALLERGY,207KA0200X,ALLERGY & IMMUNOLOGY - ALLERGY,source
"=""26""",PHYSICIAN (D.O.),"=""002""",ALLERGY,261Q00000X,CLINIC/CENTER,source
"=""26""",PHYSICIAN (D.O.),"=""003""",ANESTHESIOLOGY,207L00000X,ANESTHESIOLOGY,source
"=""26""",PHYSICIAN (D.O.),"=""003""",ANESTHESIOLOGY,207LA0401X,ANESTHESIOLOGY - ADDICTION MEDICINE,source
"=""26""",PHYSICIAN (D.O.),"=""003""",ANESTHESIOLOGY,207LC0200X,ANESTHESIOLOGY - CRITICAL CARE MEDICINE,source
"=""26""",PHYSICIAN (D.O.),"=""003""",ANESTHESIOLOGY,207LH0002X,ANESTHESIOLOGY - HOSPICE AND PALLIATIVE MEDICINE,source
"=""26""",PHYSICIAN (D.O.),"=""003""",ANESTHESIOLOGY,207LP2900X,ANESTHESIOLOGY - PAIN MEDICINE,source
"=""26""",PHYSICIAN (D.O.),"=""003""",ANESTHESIOLOGY,207LP3000X,ANESTHESIOLOGY - PEDIATRIC ANESTHESIOLOGY,source
"=""26""",PHYSICIAN (D.O.),"=""003""",ANESTHESIOLOGY,207LP4000X,ANESTHESIOLOGY - PHYSICIAN NUTRITION SPECIALIST,source
"=""26""",PHYSICIAN (D.O.),"=""003""",ANESTHESIOLOGY,261Q00000X,CLINIC/CENTER,source
"=""26""",PHYSICIAN (D.O.),"=""004""",CARDIOVASCULAR MEDICINE,207RC0000X,INTERNAL MEDICINE - CARDIOVASCULAR DISEASE,source
"=""26""",PHYSICIAN (D.O.),"=""004""",CARDIOVASCULAR MEDICINE,207RC0001X,INTERNAL MEDICINE - CLINICAL CARDIAC ELECTROPHYSIOLOGY,source
"=""26""",PHYSICIAN (D.O.),"=""004""",CARDIOVASCULAR MEDICINE,207RI0011X,INTERNAL MEDICINE - INTERVENTIONAL CARDIOLOGY,source
"=""26""",PHYSICIAN (D.O.),"=""004""",CARDIOVASCULAR MEDICINE,261Q00000X,CLINIC/CENTER,source
"=""26""",PHYSICIAN (D.O.),"=""005""",DERMATOLOGY,207N00000X,DERMATOLOGY,source
"=""26""",PHYSICIAN (D.O.),"=""005""",DERMATOLOGY,207ND0101X,DERMATOLOGY - MOHS-MICROGRAPHIC SURGERY,source
"=""26""",PHYSICIAN (D.O.),"=""005""",DERMATOLOGY,207ND0900X,DERMATOLOGY - DERMATOPATHOLOGY,source
"=""26""",PHYSICIAN (D.O.),"=""005""",DERMATOLOGY,207NI0002X,DERMATOLOGY - CLINICAL & LABORATORY DERMATOLOGICAL IMMUNOLOGY,source
"=""26""",PHYSICIAN (D.O.),"=""005""",DERMATOLOGY,207NP0225X,DERMATOLOGY - PEDIATRIC DERMATOLOGY,source
"=""26""",PHYSICIAN (D.O.),"=""005""",DERMATOLOGY,207NS0135X,DERMATOLOGY - PROCEDURAL DERMATOLOGY,source
"=""26""",PHYSICIAN (D.O.),"=""005""",DERMATOLOGY,261Q00000X,CLINIC/CENTER,source
"=""26""",PHYSICIAN (D.O.),"=""006""",DIABETES,207QB0505X,INTERNAL MEDICINE - DIABETOLOGY,source
"=""26""",PHYSICIAN (D.O.),"=""006""",DIABETES,207QD0401X,FAMILY MEDICINE - DIABETOLOGY,source
"=""26""",PHYSICIAN (D.O.),"=""006""",DIABETES,207RE0101X,"INTERNAL MEDICINE - ENDOCRINOLOGY, DIABETES & METABOLISM",source
"=""26""",PHYSICIAN (D.O.),"=""006""",DIABETES,261Q00000X,CLINIC/CENTER,source
"=""26""",PHYSICIAN (D.O.),"=""007""",EMERGENCY MEDICINE,207P00000X,EMERGENCY MEDICINE,source
"=""26""",PHYSICIAN (D.O.),"=""007""",EMERGENCY MEDICINE,207PE0004X,EMERGENCY MEDICINE - EMERGENCY MEDICAL SERVICES,source
"=""26""",PHYSICIAN (D.O.),"=""007""",EMERGENCY MEDICINE,207PE0005X,EMERGENCY MEDICINE - UNDERSEA AND HYPERBARIC MEDICINE,source
"=""26""",PHYSICIAN (D.O.),"=""007""",EMERGENCY MEDICINE,207PH0002X,EMERGENCY MEDICINE - HOSPICE AND PALLIATIVE MEDICINE,source
"=""26""",PHYSICIAN (D.O.),"=""007""",EMERGENCY MEDICINE,207PP0204X,EMERGENCY MEDICINE - PEDIATRIC EMERGENCY MEDICINE,source
"=""26""",PHYSICIAN (D.O.),"=""007""",EMERGENCY MEDICINE,207PS0010X,EMERGENCY MEDICINE - SPORTS MEDICINE,source
"=""26""",PHYSICIAN (D.O.),"=""007""",EMERGENCY MEDICINE,207PT0002X,EMERGENCY MEDICINE - MEDICAL TOXICOLOGY,source
"=""26""",PHYSICIAN (D.O.),"=""007""",EMERGENCY MEDICINE,261Q00000X,CLINIC/CENTER,source
"=""26""",PHYSICIAN (D.O.),"=""008""",ENDOCRINOLOGY,207RE0101X,"INTERNAL MEDICINE - ENDOCRINOLOGY, DIABETES & METABOLISM",source
"=""26""",PHYSICIAN (D.O.),"=""008""",ENDOCRINOLOGY,261Q00000X,CLINIC/CENTER,source
"=""26""",PHYSICIAN (D.O.),"=""009""",FAMILY PRACTICE,202D00000X,INTEGRATIVE MEDICINE,source
"=""26""",PHYSICIAN (D.O.),"=""009""",FAMILY PRACTICE,207Q00000X,FAMILY MEDICINE,source
"=""26""",PHYSICIAN (D.O.),"=""009""",FAMILY PRACTICE,207QA0401X,FAMILY MEDICINE - ADDICTION MEDICINE,source
"=""26""",PHYSICIAN (D.O.),"=""009""",FAMILY PRACTICE,207QA0505X,FAMILY MEDICINE - ADULT MEDICINE,source
"=""26""",PHYSICIAN (D.O.),"=""009""",FAMILY PRACTICE,207QB0002X,FAMILY MEDICINE - OBESITY MEDICINE,source
"=""26""",PHYSICIAN (D.O.),"=""009""",FAMILY PRACTICE,207QD0401X,FAMILY MEDICINE - DIABETOLOGY,source
"=""26""",PHYSICIAN (D.O.),"=""009""",FAMILY PRACTICE,207QH0002X,FAMILY MEDICINE - HOSPICE AND PALLIATIVE MEDICINE,source
"=""26""",PHYSICIAN (D.O.),"=""009""",FAMILY PRACTICE,207QP0002X,FAMILY MEDICINE - PHYSICIAN NUTRITION SPECIALIST,source
"=""26""",PHYSICIAN (D.O.),"=""009""",FAMILY PRACTICE,207QS0010X,FAMILY MEDICINE - SPORTS MEDICINE,source
"=""26""",PHYSICIAN (D.O.),"=""009""",FAMILY PRACTICE,207QS1201X,FAMILY MEDICINE - SLEEP MEDICINE,source
"=""26""",PHYSICIAN (D.O.),"=""009""",FAMILY PRACTICE,261Q00000X,CLINIC/CENTER,source
"=""26""",PHYSICIAN (D.O.),"=""010""",GASTROENTEROLOGY,207RG0100X,INTERNAL MEDICINE - GASTROENTEROLOGY,source
"=""26""",PHYSICIAN (D.O.),"=""010""",GASTROENTEROLOGY,207RT0003X,INTERNAL MEDICINE - TRANSPLANT HEPATOLOGY,source
"=""26""",PHYSICIAN (D.O.),"=""010""",GASTROENTEROLOGY,261Q00000X,CLINIC/CENTER,source
"=""26""",PHYSICIAN (D.O.),"=""011""",GENERAL PRACTICE (DEFAULT SPEC FOR PHYS),202D00000X,INTEGRATIVE MEDICINE,source
"=""26""",PHYSICIAN (D.O.),"=""011""",GENERAL PRACTICE (DEFAULT SPEC FOR PHYS),2084E0001X,EPILEPSY PHYSICIAN,source
"=""26""",PHYSICIAN (D.O.),"=""011""",GENERAL PRACTICE (DEFAULT SPEC FOR PHYS),208D00000X,GENERAL PRACTICE,source
"=""26""",PHYSICIAN (D.O.),"=""011""",GENERAL PRACTICE (DEFAULT SPEC FOR PHYS),261Q00000X,CLINIC/CENTER,source
"=""26""",PHYSICIAN (D.O.),"=""012""",PREVENTIVE MEDICINE,202D00000X,INTEGRATIVE MEDICINE,source
"=""26""",PHYSICIAN (D.O.),"=""012""",PREVENTIVE MEDICINE,207RA0401X,INTERNAL MEDICINE - ADDICTION MEDICINE,source
"=""26""",PHYSICIAN (D.O.),"=""012""",PREVENTIVE MEDICINE,2083A0100X,PREVENTIVE MEDICINE - AEROSPACE MEDICINE,source
"=""26""",PHYSICIAN (D.O.),"=""012""",PREVENTIVE MEDICINE,2083B0002X,PREVENTIVE MEDICINE - OBESITY MEDICINE,source
"=""26""",PHYSICIAN (D.O.),"=""012""",PREVENTIVE MEDICINE,2083C0008X,PREVENTIVE MEDICINE - CLINICAL INFORMATICS,source
"=""26""",PHYSICIAN (D.O.),"=""012""",PREVENTIVE MEDICINE,2083P0011X,PREVENTIVE MEDICINE - UNDERSEA AND HYPERBARIC MEDICINE,source
"=""26""",PHYSICIAN (D.O.),"=""012""",PREVENTIVE MEDICINE,2083P0500X,PREVENTIVE MEDICINE - PREVENTIVE MEDICINE/OCCUPATIONAL ENVIRONMENTAL MEDICINE,source
"=""26""",PHYSICIAN (D.O.),"=""012""",PREVENTIVE MEDICINE,2083P0901X,PREVENTIVE MEDICINE - PUBLIC HEALTH & GENERAL PREVENTIVE MEDICINE,source
"=""26""",PHYSICIAN (D.O.),"=""012""",PREVENTIVE MEDICINE,2083S0010X,PREVENTIVE MEDICINE - SPORTS MEDICINE,source
"=""26""",PHYSICIAN (D.O.),"=""012""",PREVENTIVE MEDICINE,2083T0002X,PREVENTIVE MEDICINE - MEDICAL TOXICOLOGY,source
"=""26""",PHYSICIAN (D.O.),"=""012""",PREVENTIVE MEDICINE,261Q00000X,CLINIC/CENTER,source
"=""26""",PHYSICIAN (D.O.),"=""013""",GERIATRICS,207QG0300X,FAMILY MEDICINE - GERIATRIC MEDICINE,source
"=""26""",PHYSICIAN (D.O.),"=""013""",GERIATRICS,207RG0300X,INTERNAL MEDICINE - GERIATRIC MEDICINE,source
"=""26""",PHYSICIAN (D.O.),"=""013""",GERIATRICS,261Q00000X,CLINIC/CENTER,source
"=""26""",PHYSICIAN (D.O.),"=""014""",GYNECOLOGY,207VG0400X,OBSTETRICS & GYNECOLOGY - GYNECOLOGY,source
"=""26""",PHYSICIAN (D.O.),"=""014""",GYNECOLOGY,207VX0201X,OBSTETRICS & GYNECOLOGY - GYNECOLOGIC ONCOLOGY,source
"=""26""",PHYSICIAN (D.O.),"=""014""",GYNECOLOGY,261Q00000X,CLINIC/CENTER,source
"=""26""",PHYSICIAN (D.O.),"=""015""",HEMATOLOGY,207RH0000X,INTERNAL MEDICINE - HEMATOLOGY,source
"=""26""",PHYSICIAN (D.O.),"=""015""",HEMATOLOGY,207RH0003X,INTERNAL MEDICINE - HEMATOLOGY & ONCOLOGY,source
"=""26""",PHYSICIAN (D.O.),"=""015""",HEMATOLOGY,207ZH0000X,PATHOLOGY - HEMATOLOGY,source
"=""26""",PHYSICIAN (D.O.),"=""015""",HEMATOLOGY,261Q00000X,CLINIC/CENTER,source
"=""26""",PHYSICIAN (D.O.),"=""016""",IMMUNOLOGY,207KI0005X,ALLERGY & IMMUNOLOGY - CLINICAL & LABORATORY IMMUNOLOGY,source
"=""26""",PHYSICIAN (D.O.),"=""016""",IMMUNOLOGY,207RA0201X,INTERNAL MEDICINE - ALLERGY & IMMUNOLOGY,source
"=""26""",PHYSICIAN (D.O.),"=""016""",IMMUNOLOGY,207RI0001X,INTERNAL MEDICINE - CLINICAL & LABORATORY IMMUNOLOGY,source
"=""26""",PHYSICIAN (D.O.),"=""016""",IMMUNOLOGY,261Q00000X,CLINIC/CENTER,source
"=""26""",PHYSICIAN (D.O.),"=""017""",INFECTIOUS DISEASES,207RI0200X,INTERNAL MEDICINE - INFECTIOUS DISEASE,source
"=""26""",PHYSICIAN (D.O.),"=""017""",INFECTIOUS DISEASES,261Q00000X,CLINIC/CENTER,source
"=""26""",PHYSICIAN (D.O.),"=""018""",INTERNAL MEDICINE,202D00000X,INTEGRATIVE MEDICINE,source
"=""26""",PHYSICIAN (D.O.),"=""018""",INTERNAL MEDICINE,207QB0505X,INTERNAL MEDICINE - DIABETOLOGY,source
"=""26""",PHYSICIAN (D.O.),"=""018""",INTERNAL MEDICINE,207R00000X,INTERNAL MEDICINE,source
"=""26""",PHYSICIAN (D.O.),"=""018""",INTERNAL MEDICINE,207RA0001X,INTERNAL MEDICINE - ADVANCED HEART FAILURE AND TRANSPLANT CARDIOLOGY,source
"=""26""",PHYSICIAN (D.O.),"=""018""",INTERNAL MEDICINE,207RA0401X,INTERNAL MEDICINE - ADDICTION MEDICINE,source
"=""26""",PHYSICIAN (D.O.),"=""018""",INTERNAL MEDICINE,207RB0002X,INTERNAL MEDICINE - OBESITY MEDICINE,source
"=""26""",PHYSICIAN (D.O.),"=""018""",INTERNAL MEDICINE,207RC0200X,INTERNAL MEDICINE - CRITICAL CARE MEDICINE,source
"=""26""",PHYSICIAN (D.O.),"=""018""",INTERNAL MEDICINE,207RH0002X,INTERNAL MEDICINE - HOSPICE AND PALLIATIVE MEDICINE,source
"=""26""",PHYSICIAN (D.O.),"=""018""",INTERNAL MEDICINE,207RH0005X,INTERNAL MEDICINE - HYPERTENSION SPECIALIST,source
"=""26""",PHYSICIAN (D.O.),"=""018""",INTERNAL MEDICINE,207RI0008X,INTERNAL MEDICINE - HEPATOLOGY,source
"=""26""",PHYSICIAN (D.O.),"=""018""",INTERNAL MEDICINE,207RM1200X,INTERNAL MEDICINE - MAGNETIC RESONANCE IMAGING (MRI),source
"=""26""",PHYSICIAN (D.O.),"=""018""",INTERNAL MEDICINE,207RP1002X,INTERNAL MEDICINE - PHYSICIAN NUTRITION SPECIALIST,source
"=""26""",PHYSICIAN (D.O.),"=""018""",INTERNAL MEDICINE,207RS0010X,INTERNAL MEDICINE - SPORTS MEDICINE,source
"=""26""",PHYSICIAN (D.O.),"=""018""",INTERNAL MEDICINE,207RS0012X,INTERNAL MEDICINE - SLEEP MEDICINE,source
"=""26""",PHYSICIAN (D.O.),"=""018""",INTERNAL MEDICINE,2084E0001X,EPILEPSY PHYSICIAN,source
"=""26""",PHYSICIAN (D.O.),"=""018""",INTERNAL MEDICINE,261Q00000X,CLINIC/CENTER,source
"=""26""",PHYSICIAN (D.O.),"=""018""",INTERNAL MEDICINE,261QI0500X,CLINIC/CENTER - INFUSION THERAPY,source
"=""26""",PHYSICIAN (D.O.),"=""019""",NEONATAL/PERINATAL,2080N0001X,PEDIATRICS - NEONATAL-PERINATAL MEDICINE,source
"=""26""",PHYSICIAN (D.O.),"=""019""",NEONATAL/PERINATAL,261Q00000X,CLINIC/CENTER,source
"=""26""",PHYSICIAN (D.O.),"=""020""",NEOPLASTIC DISEASES,261Q00000X,CLINIC/CENTER,source
"=""26""",PHYSICIAN (D.O.),"=""021""",NEPHROLOGY,207RN0300X,INTERNAL MEDICINE - NEPHROLOGY,source
"=""26""",PHYSICIAN (D.O.),"=""021""",NEPHROLOGY,261Q00000X,CLINIC/CENTER,source
"=""26""",PHYSICIAN (D.O.),"=""022""",NEUROLOGY,2084A2900X,PSYCHIATRY AND NEUROLOGY - NEUROCRITICAL CARE,source
"=""26""",PHYSICIAN (D.O.),"=""022""",NEUROLOGY,2084B0002X,PSYCHIATRY AND NEUROLOGY - OBESITY MEDICINE,source
"=""26""",PHYSICIAN (D.O.),"=""022""",NEUROLOGY,2084B0040X,PSYCHIATRY AND NEUROLOGY - BEHAVIORAL NEUROLOGY AND NEUROPSYCHIATRY,source
"=""26""",PHYSICIAN (D.O.),"=""022""",NEUROLOGY,2084E0001X,EPILEPSY PHYSICIAN,source
"=""26""",PHYSICIAN (D.O.),"=""022""",NEUROLOGY,2084H0002X,PSYCHIATRY & NEUROLOGY - HOSPICE AND PALLIATIVE MEDICINE,source
"=""26""",PHYSICIAN (D.O.),"=""022""",NEUROLOGY,2084N0008X,PSYCHIATRY & NEUROLOGY - NEUROMUSCULAR MEDICINE,source
"=""26""",PHYSICIAN (D.O.),"=""022""",NEUROLOGY,2084N0400X,PSYCHIATRY & NEUROLOGY - NEUROLOGY,source
"=""26""",PHYSICIAN (D.O.),"=""022""",NEUROLOGY,2084N0600X,PSYCHIATRY & NEUROLOGY - CLINICAL NEUROPHYSIOLOGY,source
"=""26""",PHYSICIAN (D.O.),"=""022""",NEUROLOGY,2084P0005X,PSYCHIATRY & NEUROLOGY - NEURODEVELOPMENTAL DISABILITIES,source
"=""26""",PHYSICIAN (D.O.),"=""022""",NEUROLOGY,2084P0015X,PSYCHIATRY & NEUROLOGY - PSYCHOSOMATIC MEDICINE,source
"=""26""",PHYSICIAN (D.O.),"=""022""",NEUROLOGY,2084P0301X,PSYCHIATRY AND NEUROLOGY - BRAIN INJURY MEDICINE,source
"=""26""",PHYSICIAN (D.O.),"=""022""",NEUROLOGY,2084P0805X,PSYCHIATRY & NEUROLOGY - GERIATRIC PSYCHIATRY,source
"=""26""",PHYSICIAN (D.O.),"=""022""",NEUROLOGY,2084P2900X,PSYCHIATRY & NEUROLOGY - PAIN MEDICINE,source
"=""26""",PHYSICIAN (D.O.),"=""022""",NEUROLOGY,2084S0012X,PSYCHIATRY & NEUROLOGY - SLEEP MEDICINE,source
"=""26""",PHYSICIAN (D.O.),"=""022""",NEUROLOGY,2084V0102X,PSYCHIATRY & NEUROLOGY - VASCULAR NEUROLOGY,source
"=""26""",PHYSICIAN (D.O.),"=""022""",NEUROLOGY,261Q00000X,CLINIC/CENTER,source
"=""26""",PHYSICIAN (D.O.),"=""023""",NEUROLOGY/CHILDREN,2084E0001X,EPILEPSY PHYSICIAN,source
"=""26""",PHYSICIAN (D.O.),"=""023""",NEUROLOGY/CHILDREN,2084N0402X,PSYCHIATRY & NEUROLOGY - NEUROLOGY WITH SPECIAL QUALIFICATIONS IN CHILD NEUROLOGY,source
"=""26""",PHYSICIAN (D.O.),"=""023""",NEUROLOGY/CHILDREN,2084P0005X,PSYCHIATRY & NEUROLOGY - NEURODEVELOPMENTAL DISABILITIES,source
"=""26""",PHYSICIAN (D.O.),"=""023""",NEUROLOGY/CHILDREN,2084P0301X,PSYCHIATRY AND NEUROLOGY - BRAIN INJURY MEDICINE,source
"=""26""",PHYSICIAN (D.O.),"=""023""",NEUROLOGY/CHILDREN,261Q00000X,CLINIC/CENTER,source
"=""26""",PHYSICIAN (D.O.),"=""024""",NEUROPATHOLOGY,207ZN0500X,PATHOLOGY - NEUROPATHOLOGY,source
"=""26""",PHYSICIAN (D.O.),"=""024""",NEUROPATHOLOGY,2084E0001X,EPILEPSY PHYSICIAN,source
"=""26""",PHYSICIAN (D.O.),"=""024""",NEUROPATHOLOGY,261Q00000X,CLINIC/CENTER,source
"=""26""",PHYSICIAN (D.O.),"=""026""",OBSTETRICS,207VX0000X,OBSTETRICS & GYNECOLOGY - OBSTETRICS,source
"=""26""",PHYSICIAN (D.O.),"=""026""",OBSTETRICS,261Q00000X,CLINIC/CENTER,source
"=""26""",PHYSICIAN (D.O.),"=""027""",OB-GYN,207V00000X,OBSTETRICS & GYNECOLOGY,source
"=""26""",PHYSICIAN (D.O.),"=""027""",OB-GYN,207VB0002X,OBSTETRICS AND GYNECOLOGY - OBESITY MEDICINE,source
"=""26""",PHYSICIAN (D.O.),"=""027""",OB-GYN,207VC0200X,OBSTETRICS & GYNECOLOGY - CRITICAL CARE MEDICINE,source
"=""26""",PHYSICIAN (D.O.),"=""027""",OB-GYN,207VC0300X,OBSTETRICS & GYNECOLOGY - COMPLEX FAMILY PLANNING,source
"=""26""",PHYSICIAN (D.O.),"=""027""",OB-GYN,207VE0102X,OBSTETRICS & GYNECOLOGY - REPRODUCTIVE ENDOCRINOLOGY,source
"=""26""",PHYSICIAN (D.O.),"=""027""",OB-GYN,207VF0040X,UROGYNECOLOGY AND RECONSTRUCTIVE PELVIC SURGERY,source
"=""26""",PHYSICIAN (D.O.),"=""027""",OB-GYN,207VH0002X,OBSTETRICS & GYNECOLOGY - HOSPICE AND PALLIATIVE MEDICINE,source
"=""26""",PHYSICIAN (D.O.),"=""027""",OB-GYN,261Q00000X,CLINIC/CENTER,source
"=""26""",PHYSICIAN (D.O.),"=""028""",OCCUPATIONAL MEDICINE,2083X0100X,PREVENTIVE MEDICINE - OCCUPATIONAL MEDICINE,source
"=""26""",PHYSICIAN (D.O.),"=""028""",OCCUPATIONAL MEDICINE,261Q00000X,CLINIC/CENTER,source
"=""26""",PHYSICIAN (D.O.),"=""029""",ONCOLOGY,207RH0003X,INTERNAL MEDICINE - HEMATOLOGY & ONCOLOGY,source
"=""26""",PHYSICIAN (D.O.),"=""029""",ONCOLOGY,207RX0202X,INTERNAL MEDICINE - MEDICAL ONCOLOGY,source
"=""26""",PHYSICIAN (D.O.),"=""029""",ONCOLOGY,261Q00000X,CLINIC/CENTER,source
"=""26""",PHYSICIAN (D.O.),"=""030""",OPHTHALMOLOGY,207W00000X,OPHTHALMOLOGY,source
"=""26""",PHYSICIAN (D.O.),"=""030""",OPHTHALMOLOGY,207WX0009X,OPHTHALMOLOGY - GLAUCOMA SPECIALIST,source
"=""26""",PHYSICIAN (D.O.),"=""030""",OPHTHALMOLOGY,207WX0107X,OPHTHALMOLOGY - RETINA SPECIALIST,source
"=""26""",PHYSICIAN (D.O.),"=""030""",OPHTHALMOLOGY,207WX0108X,OPHTHALMOLOGY - UVEITIS AND OCULAR INFLAMMATORY DISEASE,source
"=""26""",PHYSICIAN (D.O.),"=""030""",OPHTHALMOLOGY,207WX0200X,OPHTHALMOLOGY - OPHTHALMIC PLASTIC AND RECONSTRUCTIVE SURGERY,source
"=""26""",PHYSICIAN (D.O.),"=""030""",OPHTHALMOLOGY,261Q00000X,CLINIC/CENTER,source
"=""26""",PHYSICIAN (D.O.),"=""031""",OTOLARYNGOLOGY,207Y00000X,OTOLARYNGOLOGY,source
"=""26""",PHYSICIAN (D.O.),"=""031""",OTOLARYNGOLOGY,207YP0228X,OTOLARYNGOLOGY - PEDIATRIC OTOLARYNGOLOGY,source
"=""26""",PHYSICIAN (D.O.),"=""031""",OTOLARYNGOLOGY,207YS0012X,OTOLARYNGOLOGY - SLEEP MEDICINE,source
"=""26""",PHYSICIAN (D.O.),"=""031""",OTOLARYNGOLOGY,207YS0123X,OTOLARYNGOLOGY - FACIAL PLASTIC SURGERY,source
"=""26""",PHYSICIAN (D.O.),"=""031""",OTOLARYNGOLOGY,207YX0007X,OTOLARYNGOLOGY - PLASTIC SURGERY WITHIN THE HEAD & NECK,source
"=""26""",PHYSICIAN (D.O.),"=""031""",OTOLARYNGOLOGY,207YX0602X,OTOLARYNGOLOGY - OTOLARYNGIC ALLERGY,source
"=""26""",PHYSICIAN (D.O.),"=""031""",OTOLARYNGOLOGY,207YX0901X,OTOLARYNGOLOGY - OTOLOGY & NEUROTOLOGY,source
"=""26""",PHYSICIAN (D.O.),"=""031""",OTOLARYNGOLOGY,207YX0905X,OTOLARYNGOLOGY - OTOLARYNGOLOGY/FACIAL PLASTIC SURGERY,source
"=""26""",PHYSICIAN (D.O.),"=""031""",OTOLARYNGOLOGY,261Q00000X,CLINIC/CENTER,source
"=""26""",PHYSICIAN (D.O.),"=""032""",PATHOLOGY,207SM0001X,MEDICAL GENETICS - MOLECULAR GENETIC PATHOLOGY,source
"=""26""",PHYSICIAN (D.O.),"=""032""",PATHOLOGY,207ZB0001X,PATHOLOGY - BLOOD BANKING & TRANSFUSION MEDICINE,source
"=""26""",PHYSICIAN (D.O.),"=""032""",PATHOLOGY,207ZC0006X,PATHOLOGY - CLINICAL PATHOLOGY,source
"=""26""",PHYSICIAN (D.O.),"=""032""",PATHOLOGY,207ZC0500X,PATHOLOGY - CYTOPATHOLOGY,source
"=""26""",PHYSICIAN (D.O.),"=""032""",PATHOLOGY,207ZD0900X,PATHOLOGY - DERMATOPATHOLOGY,source
"=""26""",PHYSICIAN (D.O.),"=""032""",PATHOLOGY,207ZI0100X,PATHOLOGY - IMMUNOPATHOLOGY,source
"=""26""",PHYSICIAN (D.O.),"=""032""",PATHOLOGY,207ZM0300X,PATHOLOGY - MEDICAL MICROBIOLOGY,source
"=""26""",PHYSICIAN (D.O.),"=""032""",PATHOLOGY,207ZP0007X,PATHOLOGY - MOLECULAR GENETIC PATHOLOGY,source
"=""26""",PHYSICIAN (D.O.),"=""032""",PATHOLOGY,207ZP0101X,PATHOLOGY - ANATOMIC PATHOLOGY,source
"=""26""",PHYSICIAN (D.O.),"=""032""",PATHOLOGY,207ZP0102X,PATHOLOGY - ANATOMIC PATHOLOGY & CLINICAL PATHOLOGY,source
"=""26""",PHYSICIAN (D.O.),"=""032""",PATHOLOGY,207ZP0104X,PATHOLOGY - CHEMICAL PATHOLOGY,source
"=""26""",PHYSICIAN (D.O.),"=""032""",PATHOLOGY,207ZP0105X,PATHOLOGY - CLINICAL PATHOLOGY/LABORATORY MEDICINE,source
"=""26""",PHYSICIAN (D.O.),"=""032""",PATHOLOGY,207ZP0213X,PATHOLOGY - PEDIATRIC PATHOLOGY,source
"=""26""",PHYSICIAN (D.O.),"=""032""",PATHOLOGY,261Q00000X,CLINIC/CENTER,source
"=""26""",PHYSICIAN (D.O.),"=""033""","PATHOLOGY, CLINICAL",207SM0001X,MEDICAL GENETICS - MOLECULAR GENETIC PATHOLOGY,source
"=""26""",PHYSICIAN (D.O.),"=""033""","PATHOLOGY, CLINICAL",207ZC0006X,PATHOLOGY - CLINICAL PATHOLOGY,source
"=""26""",PHYSICIAN (D.O.),"=""033""","PATHOLOGY, CLINICAL",207ZC0500X,PATHOLOGY - CYTOPATHOLOGY,source
"=""26""",PHYSICIAN (D.O.),"=""033""","PATHOLOGY, CLINICAL",207ZD0900X,PATHOLOGY - DERMATOPATHOLOGY,source
"=""26""",PHYSICIAN (D.O.),"=""033""","PATHOLOGY, CLINICAL",207ZP0104X,PATHOLOGY - CHEMICAL PATHOLOGY,source
"=""26""",PHYSICIAN (D.O.),"=""033""","PATHOLOGY, CLINICAL",207ZP0213X,PATHOLOGY - PEDIATRIC PATHOLOGY,source
"=""26""",PHYSICIAN (D.O.),"=""033""","PATHOLOGY, CLINICAL",261Q00000X,CLINIC/CENTER,source
"=""26""",PHYSICIAN (D.O.),"=""034""","PATHOLOGY, FORENSIC",207ZF0201X,PATHOLOGY - FORENSIC PATHOLOGY,source
"=""26""",PHYSICIAN (D.O.),"=""034""","PATHOLOGY, FORENSIC",261Q00000X,CLINIC/CENTER,source
"=""26""",PHYSICIAN (D.O.),"=""035""",PEDIATRICS,208000000X,PEDIATRICS,source
"=""26""",PHYSICIAN (D.O.),"=""035""",PEDIATRICS,2080B0002X,PEDIATRICS - OBESITY MEDICINE,source
"=""26""",PHYSICIAN (D.O.),"=""035""",PEDIATRICS,2080C0008X,PEDIATRICS - CHILD ABUSE PEDIATRICS,source
"=""26""",PHYSICIAN (D.O.),"=""035""",PEDIATRICS,2080I0007X,PEDIATRICS - CLINICAL & LABORATORY IMMUNOLOGY,source
"=""26""",PHYSICIAN (D.O.),"=""035""",PEDIATRICS,2080P0006X,PEDIATRICS - DEVELOPMENTAL - BEHAVIORAL PEDIATRICS,source
"=""26""",PHYSICIAN (D.O.),"=""035""",PEDIATRICS,2080P0008X,PEDIATRICS - NEURODEVELOPMENTAL DISABILITIES,source
"=""26""",PHYSICIAN (D.O.),"=""035""",PEDIATRICS,2080P0206X,PEDIATRICS - PEDIATRIC GASTROENTEROLOGY,source
"=""26""",PHYSICIAN (D.O.),"=""035""",PEDIATRICS,2080P0208X,PEDIATRICS - PEDIATRIC INFECTIOUS DISEASES,source
"=""26""",PHYSICIAN (D.O.),"=""035""",PEDIATRICS,2080P0214X,PEDIATRICS - PEDIATRIC PULMONOLOGY,source
"=""26""",PHYSICIAN (D.O.),"=""035""",PEDIATRICS,2080P0216X,PEDIATRICS - PEDIATRIC RHEUMATOLOGY,source
"=""26""",PHYSICIAN (D.O.),"=""035""",PEDIATRICS,2080P1004X,PEDIATRICS - PHYSICIAN NUTRITION SPECIALIST,source
"=""26""",PHYSICIAN (D.O.),"=""035""",PEDIATRICS,2080S0010X,PEDIATRICS - SPORTS MEDICINE,source
"=""26""",PHYSICIAN (D.O.),"=""035""",PEDIATRICS,2080S0012X,PEDIATRICS - SLEEP MEDICINE,source
"=""26""",PHYSICIAN (D.O.),"=""035""",PEDIATRICS,2080T0002X,PEDIATRICS - MEDICAL TOXICOLOGY,source
"=""26""",PHYSICIAN (D.O.),"=""035""",PEDIATRICS,2080T0004X,PEDIATRICS - PEDIATRIC TRANSPLANT HEPATOLOGY,source
"=""26""",PHYSICIAN (D.O.),"=""035""",PEDIATRICS,2084E0001X,EPILEPSY PHYSICIAN,source
"=""26""",PHYSICIAN (D.O.),"=""035""",PEDIATRICS,2084P0005X,PSYCHIATRY & NEUROLOGY - NEURODEVELOPMENTAL DISABILITIES,source
"=""26""",PHYSICIAN (D.O.),"=""035""",PEDIATRICS,261Q00000X,CLINIC/CENTER,source
"=""26""",PHYSICIAN (D.O.),"=""036""","PEDIATRICS, ALLERGY",2080P0201X,PEDIATRICS - PEDIATRIC ALLERGY/IMMUNOLOGY,source
"=""26""",PHYSICIAN (D.O.),"=""036""","PEDIATRICS, ALLERGY",261Q00000X,CLINIC/CENTER,source
"=""26""",PHYSICIAN (D.O.),"=""037""","PEDIATRICS, CARDIOLOGY",2080P0202X,PEDIATRICS - PEDIATRIC CARDIOLOGY,source
"=""26""",PHYSICIAN (D.O.),"=""037""","PEDIATRICS, CARDIOLOGY",261Q00000X,CLINIC/CENTER,source
"=""26""",PHYSICIAN (D.O.),"=""038""","PEDIATRICS, ONCOLOGY/HEMATOLOGY",2080P0207X,PEDIATRICS - PEDIATRIC HEMATOLOGY-ONCOLOGY,source
"=""26""",PHYSICIAN (D.O.),"=""038""","PEDIATRICS, ONCOLOGY/HEMATOLOGY",261Q00000X,CLINIC/CENTER,source
"=""26""",PHYSICIAN (D.O.),"=""039""","PEDIATRICS, NEPHROLOGY",2080P0210X,PEDIATRICS - PEDIATRIC NEPHROLOGY,source
"=""26""",PHYSICIAN (D.O.),"=""039""","PEDIATRICS, NEPHROLOGY",261Q00000X,CLINIC/CENTER,source
"=""26""",PHYSICIAN (D.O.),"=""041""",PHYSICAL MEDICINE AND REHAB,208100000X,PHYSICAL MEDICINE & REHABILITATION,source
"=""26""",PHYSICIAN (D.O.),"=""041""",PHYSICAL MEDICINE AND REHAB,2081H0002X,PHYSICAL MEDICINE & REHABILITATION - HOSPICE AND PALLIATIVE MEDICINE,source
"=""26""",PHYSICIAN (D.O.),"=""041""",PHYSICAL MEDICINE AND REHAB,2081N0008X,PHYSICAL MEDICINE & REHABILITATION - NEUROMUSCULAR MEDICINE,source
"=""26""",PHYSICIAN (D.O.),"=""041""",PHYSICAL MEDICINE AND REHAB,2081P0004X,PHYSICAL MEDICINE & REHABILITATION - SPINAL CORD INJURY MEDICINE,source
"=""26""",PHYSICIAN (D.O.),"=""041""",PHYSICAL MEDICINE AND REHAB,2081P0010X,PHYSICAL MEDICINE & REHABILITATION - PEDIATRIC REHABILITATION MEDICINE,source
"=""26""",PHYSICIAN (D.O.),"=""041""",PHYSICAL MEDICINE AND REHAB,2081P0301X,PHYSICAL MEDICINE AND REHABILITATION - BRAIN INJURY MEDICINE,source
"=""26""",PHYSICIAN (D.O.),"=""041""",PHYSICAL MEDICINE AND REHAB,2081P2900X,PHYSICAL MEDICINE & REHABILITATION - PAIN MEDICINE,source
"=""26""",PHYSICIAN (D.O.),"=""041""",PHYSICAL MEDICINE AND REHAB,2081S0010X,PHYSICAL MEDICINE & REHABILITATION - SPORTS MEDICINE,source
"=""26""",PHYSICIAN (D.O.),"=""041""",PHYSICAL MEDICINE AND REHAB,261Q00000X,CLINIC/CENTER,source
"=""26""",PHYSICIAN (D.O.),"=""042""",PSYCHIATRY,207RA0401X,INTERNAL MEDICINE - ADDICTION MEDICINE,source
"=""26""",PHYSICIAN (D.O.),"=""042""",PSYCHIATRY,2084A0401X,PSYCHIATRY & NEUROLOGY - ADDICTION MEDICINE,source
"=""26""",PHYSICIAN (D.O.),"=""042""",PSYCHIATRY,2084B0002X,PSYCHIATRY AND NEUROLOGY - OBESITY MEDICINE,source
"=""26""",PHYSICIAN (D.O.),"=""042""",PSYCHIATRY,2084F0202X,PSYCHIATRY & NEUROLOGY - FORENSIC PSYCHIATRY,source
"=""26""",PHYSICIAN (D.O.),"=""042""",PSYCHIATRY,2084H0002X,PSYCHIATRY & NEUROLOGY - HOSPICE AND PALLIATIVE MEDICINE,source
"=""26""",PHYSICIAN (D.O.),"=""042""",PSYCHIATRY,2084N0600X,PSYCHIATRY & NEUROLOGY - CLINICAL NEUROPHYSIOLOGY,source
"=""26""",PHYSICIAN (D.O.),"=""042""",PSYCHIATRY,2084P0015X,PSYCHIATRY & NEUROLOGY - PSYCHOSOMATIC MEDICINE,source
"=""26""",PHYSICIAN (D.O.),"=""042""",PSYCHIATRY,2084P0301X,PSYCHIATRY AND NEUROLOGY - BRAIN INJURY MEDICINE,source
"=""26""",PHYSICIAN (D.O.),"=""042""",PSYCHIATRY,2084P0800X,PSYCHIATRY & NEUROLOGY - PSYCHIATRY,source
"=""26""",PHYSICIAN (D.O.),"=""042""",PSYCHIATRY,2084P0802X,PSYCHIATRY & NEUROLOGY - ADDICTION PSYCHIATRY,source
"=""26""",PHYSICIAN (D.O.),"=""042""",PSYCHIATRY,2084P2900X,PSYCHIATRY & NEUROLOGY - PAIN MEDICINE,source
"=""26""",PHYSICIAN (D.O.),"=""042""",PSYCHIATRY,2084S0010X,PSYCHIATRY & NEUROLOGY - SPORTS MEDICINE,source
"=""26""",PHYSICIAN (D.O.),"=""042""",PSYCHIATRY,2084S0012X,PSYCHIATRY & NEUROLOGY - SLEEP MEDICINE,source
"=""26""",PHYSICIAN (D.O.),"=""042""",PSYCHIATRY,261Q00000X,CLINIC/CENTER,source
"=""26""",PHYSICIAN (D.O.),"=""043""","PSYCHIATRY, CHILD",2084P0301X,PSYCHIATRY AND NEUROLOGY - BRAIN INJURY MEDICINE,source
"=""26""",PHYSICIAN (D.O.),"=""043""","PSYCHIATRY, CHILD",2084P0804X,PSYCHIATRY & NEUROLOGY - CHILD & ADOLESCENT PSYCHIATRY,source
"=""26""",PHYSICIAN (D.O.),"=""043""","PSYCHIATRY, CHILD",261Q00000X,CLINIC/CENTER,source
"=""26""",PHYSICIAN (D.O.),"=""044""",PSYCHOANALYSIS,261Q00000X,CLINIC/CENTER,source
"=""26""",PHYSICIAN (D.O.),"=""045""",PUBLIC HEALTH,2083P0901X,PREVENTIVE MEDICINE - PUBLIC HEALTH & GENERAL PREVENTIVE MEDICINE,source
"=""26""",PHYSICIAN (D.O.),"=""045""",PUBLIC HEALTH,261Q00000X,CLINIC/CENTER,source
"=""26""",PHYSICIAN (D.O.),"=""046""",PULMONARY DISEASES,207RP1001X,INTERNAL MEDICINE - PULMONARY DISEASE,source
"=""26""",PHYSICIAN (D.O.),"=""046""",PULMONARY DISEASES,2080P0214X,PEDIATRICS - PEDIATRIC PULMONOLOGY,source
"=""26""",PHYSICIAN (D.O.),"=""046""",PULMONARY DISEASES,261Q00000X,CLINIC/CENTER,source
"=""26""",PHYSICIAN (D.O.),"=""047""",RADIOLOGY,2085B0100X,RADIOLOGY - BODY IMAGING,source
"=""26""",PHYSICIAN (D.O.),"=""047""",RADIOLOGY,2085D0003X,RADIOLOGY - DIAGNOSTIC NEUROIMAGING,source
"=""26""",PHYSICIAN (D.O.),"=""047""",RADIOLOGY,261Q00000X,CLINIC/CENTER,source
"=""26""",PHYSICIAN (D.O.),"=""048""","RADIOLOGY, DIAGNOSTIC",207U00000X,NUCLEAR MEDICINE,source
"=""26""",PHYSICIAN (D.O.),"=""048""","RADIOLOGY, DIAGNOSTIC",207UN0901X,NUCLEAR MEDICINE - NUCLEAR CARDIOLOGY,source
"=""26""",PHYSICIAN (D.O.),"=""048""","RADIOLOGY, DIAGNOSTIC",207UN0903X,NUCLEAR MEDICINE - IN VIVO & IN VITRO NUCLEAR MEDICINE,source
"=""26""",PHYSICIAN (D.O.),"=""048""","RADIOLOGY, DIAGNOSTIC",2085N0700X,RADIOLOGY - NEURORADIOLOGY,source
"=""26""",PHYSICIAN (D.O.),"=""048""","RADIOLOGY, DIAGNOSTIC",2085N0904X,RADIOLOGY - NUCLEAR RADIOLOGY,source
"=""26""",PHYSICIAN (D.O.),"=""048""","RADIOLOGY, DIAGNOSTIC",2085R0202X,RADIOLOGY - DIAGNOSTIC RADIOLOGY,source
"=""26""",PHYSICIAN (D.O.),"=""048""","RADIOLOGY, DIAGNOSTIC",2085R0204X,RADIOLOGY - VASCULAR & INTERVENTIONAL RADIOLOGY,source
"=""26""",PHYSICIAN (D.O.),"=""048""","RADIOLOGY, DIAGNOSTIC",2085U0001X,RADIOLOGY - DIAGNOSTIC ULTRASOUND,source
"=""26""",PHYSICIAN (D.O.),"=""048""","RADIOLOGY, DIAGNOSTIC",261Q00000X,CLINIC/CENTER,source
"=""26""",PHYSICIAN (D.O.),"=""049""","RADIOLOGY, PEDIATRIC",2085P0229X,RADIOLOGY - PEDIATRIC RADIOLOGY,source
"=""26""",PHYSICIAN (D.O.),"=""049""","RADIOLOGY, PEDIATRIC",261Q00000X,CLINIC/CENTER,source
"=""26""",PHYSICIAN (D.O.),"=""050""","RADIOLOGY, THERAPEUTIC",207UN0902X,NUCLEAR MEDICINE - NUCLEAR IMAGING & THERAPY,source
"=""26""",PHYSICIAN (D.O.),"=""050""","RADIOLOGY, THERAPEUTIC",2085H0002X,RADIOLOGY - HOSPICE AND PALLIATIVE MEDICINE,source
"=""26""",PHYSICIAN (D.O.),"=""050""","RADIOLOGY, THERAPEUTIC",2085N0700X,RADIOLOGY - NEURORADIOLOGY,source
"=""26""",PHYSICIAN (D.O.),"=""050""","RADIOLOGY, THERAPEUTIC",2085N0904X,RADIOLOGY - NUCLEAR RADIOLOGY,source
"=""26""",PHYSICIAN (D.O.),"=""050""","RADIOLOGY, THERAPEUTIC",2085R0001X,RADIOLOGY - RADIATION ONCOLOGY,source
"=""26""",PHYSICIAN (D.O.),"=""050""","RADIOLOGY, THERAPEUTIC",2085R0203X,RADIOLOGY - THERAPEUTIC RADIOLOGY,source
"=""26""",PHYSICIAN (D.O.),"=""050""","RADIOLOGY, THERAPEUTIC",2085R0204X,RADIOLOGY - VASCULAR & INTERVENTIONAL RADIOLOGY,source
"=""26""",PHYSICIAN (D.O.),"=""050""","RADIOLOGY, THERAPEUTIC",261Q00000X,CLINIC/CENTER,source
"=""26""",PHYSICIAN (D.O.),"=""051""",RHEUMATOLOGY,207RR0500X,INTERNAL MEDICINE - RHEUMATOLOGY,source
"=""26""",PHYSICIAN (D.O.),"=""051""",RHEUMATOLOGY,261Q00000X,CLINIC/CENTER,source
"=""26""",PHYSICIAN (D.O.),"=""052""","SURGERY, ABDOMINAL",208600000X,SURGERY,source
"=""26""",PHYSICIAN (D.O.),"=""052""","SURGERY, ABDOMINAL",261Q00000X,CLINIC/CENTER,source
"=""26""",PHYSICIAN (D.O.),"=""053""","SURGERY, CARDIOVASCULAR",2086S0129X,SURGERY - VASCULAR SURGERY,source
"=""26""",PHYSICIAN (D.O.),"=""053""","SURGERY, CARDIOVASCULAR",261Q00000X,CLINIC/CENTER,source
"=""26""",PHYSICIAN (D.O.),"=""054""","SURGERY, COLON/RECTAL",208C00000X,COLON & RECTAL SURGERY,source
"=""26""",PHYSICIAN (D.O.),"=""054""","SURGERY, COLON/RECTAL",261Q00000X,CLINIC/CENTER,source
"=""26""",PHYSICIAN (D.O.),"=""055""","SURGERY, GENERAL",204E00000X,ORAL & MAXILLOFACIAL SURGERY,source
"=""26""",PHYSICIAN (D.O.),"=""055""","SURGERY, GENERAL",204F00000X,TRANSPLANT SURGERY,source
"=""26""",PHYSICIAN (D.O.),"=""055""","SURGERY, GENERAL",208600000X,SURGERY,source
"=""26""",PHYSICIAN (D.O.),"=""055""","SURGERY, GENERAL",2086H0002X,SURGERY - HOSPICE AND PALLIATIVE MEDICINE,source
"=""26""",PHYSICIAN (D.O.),"=""055""","SURGERY, GENERAL",2086P0122X,SURGERY - PHYSICIAN NUTRITION SPECIALIST,source
"=""26""",PHYSICIAN (D.O.),"=""055""","SURGERY, GENERAL",2086S0102X,SURGERY - SURGICAL CRITICAL CARE,source
"=""26""",PHYSICIAN (D.O.),"=""055""","SURGERY, GENERAL",2086S0129X,SURGERY - VASCULAR SURGERY,source
"=""26""",PHYSICIAN (D.O.),"=""055""","SURGERY, GENERAL",2086X0206X,SURGERY - SURGICAL ONCOLOGY,source
"=""26""",PHYSICIAN (D.O.),"=""055""","SURGERY, GENERAL",261Q00000X,CLINIC/CENTER,source
"=""26""",PHYSICIAN (D.O.),"=""056""","SURGERY, HAND",207XS0106X,ORTHOPAEDIC SURGERY - HAND SURGERY,source
"=""26""",PHYSICIAN (D.O.),"=""056""","SURGERY, HAND",2082S0105X,PLASTIC SURGERY - SURGERY OF THE HAND,source
"=""26""",PHYSICIAN (D.O.),"=""056""","SURGERY, HAND",2086S0105X,SURGERY - SURGERY OF THE HAND,source
"=""26""",PHYSICIAN (D.O.),"=""056""","SURGERY, HAND",261Q00000X,CLINIC/CENTER,source
"=""26""",PHYSICIAN (D.O.),"=""057""","SURGERY, NEUROLOGICAL",207T00000X,NEUROLOGICAL SURGERY,source
"=""26""",PHYSICIAN (D.O.),"=""057""","SURGERY, NEUROLOGICAL",2084E0001X,EPILEPSY PHYSICIAN,source
"=""26""",PHYSICIAN (D.O.),"=""057""","SURGERY, NEUROLOGICAL",261Q00000X,CLINIC/CENTER,source
"=""26""",PHYSICIAN (D.O.),"=""058""","SURGERY, ORTHOPEDIC",207X00000X,ORTHOPAEDIC SURGERY,source
"=""26""",PHYSICIAN (D.O.),"=""058""","SURGERY, ORTHOPEDIC",207XP3100X,ORTHOPAEDIC SURGERY - PEDIATRIC ORTHOPAEDIC SURGERY,source
"=""26""",PHYSICIAN (D.O.),"=""058""","SURGERY, ORTHOPEDIC",207XS0114X,ORTHOPAEDIC SURGERY - ADULT RECONSTRUCTIVE ORTHOPAEDIC SURGERY,source
"=""26""",PHYSICIAN (D.O.),"=""058""","SURGERY, ORTHOPEDIC",207XS0117X,ORTHOPAEDIC SURGERY - ORTHOPAEDIC SURGERY OF THE SPINE,source
"=""26""",PHYSICIAN (D.O.),"=""058""","SURGERY, ORTHOPEDIC",207XX0004X,ORTHOPAEDIC SURGERY - FOOT AND ANKLE SURGERY,source
"=""26""",PHYSICIAN (D.O.),"=""058""","SURGERY, ORTHOPEDIC",207XX0005X,ORTHOPAEDIC SURGERY - SPORTS MEDICINE,source
"=""26""",PHYSICIAN (D.O.),"=""058""","SURGERY, ORTHOPEDIC",207XX0801X,ORTHOPAEDIC SURGERY - ORTHOPAEDIC TRAUMA,source
"=""26""",PHYSICIAN (D.O.),"=""058""","SURGERY, ORTHOPEDIC",261Q00000X,CLINIC/CENTER,source
"=""26""",PHYSICIAN (D.O.),"=""059""","SURGERY, PEDIATRIC",207XP3100X,ORTHOPAEDIC SURGERY - PEDIATRIC ORTHOPAEDIC SURGERY,source
"=""26""",PHYSICIAN (D.O.),"=""059""","SURGERY, PEDIATRIC",2086S0120X,SURGERY - PEDIATRIC SURGERY,source
"=""26""",PHYSICIAN (D.O.),"=""059""","SURGERY, PEDIATRIC",261Q00000X,CLINIC/CENTER,source
"=""26""",PHYSICIAN (D.O.),"=""060""","SURGERY, PLASTIC",207ND0101X,DERMATOLOGY - MOHS-MICROGRAPHIC SURGERY,source
"=""26""",PHYSICIAN (D.O.),"=""060""","SURGERY, PLASTIC",208200000X,PLASTIC SURGERY,source
"=""26""",PHYSICIAN (D.O.),"=""060""","SURGERY, PLASTIC",2082S0099X,PLASTIC SURGERY - PLASTIC SURGERY WITHIN THE HEAD AND NECK,source
"=""26""",PHYSICIAN (D.O.),"=""060""","SURGERY, PLASTIC",2086S0122X,SURGERY - PLASTIC AND RECONSTRUCTIVE SURGERY,source
"=""26""",PHYSICIAN (D.O.),"=""060""","SURGERY, PLASTIC",261Q00000X,CLINIC/CENTER,source
"=""26""",PHYSICIAN (D.O.),"=""061""","SURGERY, THORACIC",208G00000X,THORACIC SURGERY (CARDIOTHORACIC VASCULAR SURGERY),source
"=""26""",PHYSICIAN (D.O.),"=""061""","SURGERY, THORACIC",261Q00000X,CLINIC/CENTER,source
"=""26""",PHYSICIAN (D.O.),"=""062""","SURGERY, TRAUMATIC",207XX0801X,ORTHOPAEDIC SURGERY - ORTHOPAEDIC TRAUMA,source
"=""26""",PHYSICIAN (D.O.),"=""062""","SURGERY, TRAUMATIC",2086S0127X,SURGERY - TRAUMA SURGERY,source
"=""26""",PHYSICIAN (D.O.),"=""062""","SURGERY, TRAUMATIC",261Q00000X,CLINIC/CENTER,source
"=""26""",PHYSICIAN (D.O.),"=""063""","SURGERY, UROLOGICAL",208800000X,UROLOGY,source
"=""26""",PHYSICIAN (D.O.),"=""063""","SURGERY, UROLOGICAL",2088P0231X,UROLOGY - PEDIATRIC UROLOGY,source
"=""26""",PHYSICIAN (D.O.),"=""063""","SURGERY, UROLOGICAL",261Q00000X,CLINIC/CENTER,source
"=""26""",PHYSICIAN (D.O.),"=""065""",MATERNAL/FETAL,207VM0101X,OBSTETRICS & GYNECOLOGY - MATERNAL & FETAL MEDICINE,source
"=""26""",PHYSICIAN (D.O.),"=""065""",MATERNAL/FETAL,261Q00000X,CLINIC/CENTER,source
"=""26""",PHYSICIAN (D.O.),"=""066""",COMPREHENSIVE BEHAVIORAL HEALTH ASSESSMENT,2084P0800X,PSYCHIATRY & NEUROLOGY - PSYCHIATRY,source
"=""26""",PHYSICIAN (D.O.),"=""066""",COMPREHENSIVE BEHAVIORAL HEALTH ASSESSMENT,261Q00000X,CLINIC/CENTER,source
"=""26""",PHYSICIAN (D.O.),"=""067""",SPECIALIZED THERAPEUTIC FOSTER CARE,261Q00000X,CLINIC/CENTER,source
"=""26""",PHYSICIAN (D.O.),"=""100""",GENETICS,261Q00000X,CLINIC/CENTER,source
"=""26""",PHYSICIAN (D.O.),"=""101""","PEDIATRICS, CRITICAL CARE",2080N0001X,PEDIATRICS - NEONATAL-PERINATAL MEDICINE,source
"=""26""",PHYSICIAN (D.O.),"=""101""","PEDIATRICS, CRITICAL CARE",2080P0203X,PEDIATRICS - PEDIATRIC CRITICAL CARE MEDICINE,source
"=""26""",PHYSICIAN (D.O.),"=""101""","PEDIATRICS, CRITICAL CARE",261Q00000X,CLINIC/CENTER,source
"=""26""",PHYSICIAN (D.O.),"=""102""","PEDIATRICS, EMERGENCY CARE",2080P0204X,PEDIATRICS - PEDIATRIC EMERGENCY MEDICINE,source
"=""26""",PHYSICIAN (D.O.),"=""102""","PEDIATRICS, EMERGENCY CARE",261Q00000X,CLINIC/CENTER,source
"=""26""",PHYSICIAN (D.O.),"=""103""","SURGERY, PEDIATRIC - NON-BOARD CERTIFIED",2086S0120X,SURGERY - PEDIATRIC SURGERY,source
"=""26""",PHYSICIAN (D.O.),"=""103""","SURGERY, PEDIATRIC - NON-BOARD CERTIFIED",261Q00000X,CLINIC/CENTER,source
"=""26""",PHYSICIAN (D.O.),"=""104""","SURGERY, UROLOGIC - NON-BOARD CERTIFIED",208800000X,UROLOGY,source
"=""26""",PHYSICIAN (D.O.),"=""104""","SURGERY, UROLOGIC - NON-BOARD CERTIFIED",261Q00000X,CLINIC/CENTER,source
"=""26""",PHYSICIAN (D.O.),"=""105""",PEDIATRIC PALLIATIVE CARE,2080H0002X,PEDIATRICS - HOSPICE AND PALLIATIVE MEDICINE,source
"=""26""",PHYSICIAN (D.O.),"=""105""",PEDIATRIC PALLIATIVE CARE,261Q00000X,CLINIC/CENTER,source
"=""26""",PHYSICIAN (D.O.),"=""140""",HOSPITALIST,202D00000X,INTEGRATIVE MEDICINE,source
"=""26""",PHYSICIAN (D.O.),"=""140""",HOSPITALIST,207RA0401X,INTERNAL MEDICINE - ADDICTION MEDICINE,source
"=""26""",PHYSICIAN (D.O.),"=""140""",HOSPITALIST,208M00000X,HOSPITALIST,source
"=""26""",PHYSICIAN (D.O.),"=""140""",HOSPITALIST,261Q00000X,CLINIC/CENTER,source
"=""26""",PHYSICIAN (D.O.),"=""205""",ENDOCRINOLOGY (PEDS),2080P0205X,PEDIATRICS - PEDIATRIC ENDOCRINOLOGY,source
"=""26""",PHYSICIAN (D.O.),"=""205""",ENDOCRINOLOGY (PEDS),261Q00000X,CLINIC/CENTER,source
"=""26""",PHYSICIAN (D.O.),"=""209""",UROLOGY,208800000X,UROLOGY,source
"=""26""",PHYSICIAN (D.O.),"=""209""",UROLOGY,2088F0040X,UROGYNECOLOGY AND RECONSTRUCTIVE PELVIC SURGERY,source
"=""26""",PHYSICIAN (D.O.),"=""209""",UROLOGY,261Q00000X,CLINIC/CENTER,source
"=""26""",PHYSICIAN (D.O.),"=""220""",MEDICAL SCHOOL MOBILE UNITS,261Q00000X,CLINIC/CENTER,source
"=""27""",PODIATRIST,"=""927""",PODIATRIST,213E00000X,PODIATRIST,source
"=""27""",PODIATRIST,"=""927""",PODIATRIST,213EP0504X,PODIATRIST - PUBLIC MEDICINE,source
"=""27""",PODIATRIST,"=""927""",PODIATRIST,213EP1101X,PODIATRIST - PRIMARY PODIATRIC MEDICINE,source
"=""27""",PODIATRIST,"=""927""",PODIATRIST,213ER0200X,PODIATRIST - RADIOLOGY,source
"=""27""",PODIATRIST,"=""927""",PODIATRIST,213ES0000X,PODIATRIST - SPORTS MEDICINE,source
"=""27""",PODIATRIST,"=""927""",PODIATRIST,213ES0103X,PODIATRIST - FOOT & ANKLE SURGERY,source
"=""27""",PODIATRIST,"=""927""",PODIATRIST,213ES0131X,PODIATRIST - FOOT SURGERY,source
"=""27""",PODIATRIST,"=""927""",PODIATRIST,261QP1100X,CLINIC/CENTER - PODIATRIC,source
"=""28""",CHIROPRACTOR,"=""928""",CHIROPRACTOR,111N00000X,CHIROPRACTOR,source
"=""28""",CHIROPRACTOR,"=""928""",CHIROPRACTOR,111NI0013X,CHIROPRACTOR - INDEPENDENT MEDICAL EXAMINER,source
"=""28""",CHIROPRACTOR,"=""928""",CHIROPRACTOR,111NI0900X,CHIROPRACTOR - INTERNIST,source
"=""28""",CHIROPRACTOR,"=""928""",CHIROPRACTOR,111NN0400X,CHIROPRACTOR - NEUROLOGY,source
"=""28""",CHIROPRACTOR,"=""928""",CHIROPRACTOR,111NN1001X,CHIROPRACTOR - NUTRITION,source
"=""28""",CHIROPRACTOR,"=""928""",CHIROPRACTOR,111NP0017X,CHIROPRACTOR - PEDIATRIC CHIROPRACTOR,source
"=""28""",CHIROPRACTOR,"=""928""",CHIROPRACTOR,111NR0200X,CHIROPRACTOR - RADIOLOGY,source
"=""28""",CHIROPRACTOR,"=""928""",CHIROPRACTOR,111NR0400X,CHIROPRACTOR - REHABILITATION,source
"=""28""",CHIROPRACTOR,"=""928""",CHIROPRACTOR,111NS0005X,CHIROPRACTOR - SPORTS PHYSICIAN,source
"=""28""",CHIROPRACTOR,"=""928""",CHIROPRACTOR,111NT0100X,CHIROPRACTOR - THERMOGRAPHY,source
"=""28""",CHIROPRACTOR,"=""928""",CHIROPRACTOR,111NX0100X,CHIROPRACTOR - OCCUPATIONAL HEALTH,source
"=""28""",CHIROPRACTOR,"=""928""",CHIROPRACTOR,111NX0800X,CHIROPRACTOR - ORTHOPEDIC,source
"=""29""",PHYSICIAN ASSISTANT,"=""929""",PHYSICIAN ASSISTANT,246ZX2200X,"SPECIALIST/TECHNOLOGIST, OTHER - ORTHOPEDIC ASSISTANT",source
"=""29""",PHYSICIAN ASSISTANT,"=""929""",PHYSICIAN ASSISTANT,363A00000X,PHYSICIAN ASSISTANT,source
"=""29""",PHYSICIAN ASSISTANT,"=""929""",PHYSICIAN ASSISTANT,363AM0700X,PHYSICIAN ASSISTANT - MEDICAL,source
"=""29""",PHYSICIAN ASSISTANT,"=""929""",PHYSICIAN ASSISTANT,363AS0400X,PHYSICIAN ASSISTANT - SURGICAL TECHNOLOGIST,source
"=""30""",ADVANCED PRACTICE REGISTERED NURSE,"=""075""",ADULT PRIMARY CARE,363L00000X,NURSE PRACTITIONER,source
"=""30""",ADVANCED PRACTICE REGISTERED NURSE,"=""075""",ADULT PRIMARY CARE,363LA2200X,NURSE PRACTITIONER - ADULT HEALTH,source
"=""30""",ADVANCED PRACTICE REGISTERED NURSE,"=""075""",ADULT PRIMARY CARE,363LP2300X,NURSE PRACTITIONER - PRIMARY CARE,source
"=""30""",ADVANCED PRACTICE REGISTERED NURSE,"=""076""",CLINICAL NURSE SPECIALIST PSYCH. MENTAL HEALTH,363LP0808X,NURSE PRACTITIONER - PSYCH/MENTAL HEALTH,source
"=""30""",ADVANCED PRACTICE REGISTERED NURSE,"=""076""",CLINICAL NURSE SPECIALIST PSYCH. MENTAL HEALTH,364SP0807X,"CLINICAL NURSE SPECIALIST - PSYCH/MENTAL HEALTH, CHILD & ADOLESCENT",source
"=""30""",ADVANCED PRACTICE REGISTERED NURSE,"=""076""",CLINICAL NURSE SPECIALIST PSYCH. MENTAL HEALTH,364SP0808X,CLINICAL NURSE SPECIALIST - PSYCH/MENTAL HEALTH,source
"=""30""",ADVANCED PRACTICE REGISTERED NURSE,"=""076""",CLINICAL NURSE SPECIALIST PSYCH. MENTAL HEALTH,364SP0809X,"CLINICAL NURSE SPECIALIST - PSYCH/MENTAL HEALTH, ADULT",source
"=""30""",ADVANCED PRACTICE REGISTERED NURSE,"=""076""",CLINICAL NURSE SPECIALIST PSYCH. MENTAL HEALTH,364SP0810X,"CLINICAL NURSE SPECIALIST - PSYCH/MENTAL HEALTH, CHILD & FAMILY",source
"=""30""",ADVANCED PRACTICE REGISTERED NURSE,"=""076""",CLINICAL NURSE SPECIALIST PSYCH. MENTAL HEALTH,364SP0811X,"CLINICAL NURSE SPECIALIST - PSYCH/MENTAL HEALTH, CHRONICALLY ILL",source
"=""30""",ADVANCED PRACTICE REGISTERED NURSE,"=""076""",CLINICAL NURSE SPECIALIST PSYCH. MENTAL HEALTH,364SP0812X,"CLINICAL NURSE SPECIALIST - PSYCH/MENTAL HEALTH, COMMUNITY",source
"=""30""",ADVANCED PRACTICE REGISTERED NURSE,"=""076""",CLINICAL NURSE SPECIALIST PSYCH. MENTAL HEALTH,364SP0813X,"CLINICAL NURSE SPECIALIST - PSYCH/MENTAL HEALTH, GEROPSYCHIATRIC",source
"=""30""",ADVANCED PRACTICE REGISTERED NURSE,"=""077""",COLLEGE HEALTH NURSE,363LS0200X,NURSE PRACTITIONER - SCHOOL,source
"=""30""",ADVANCED PRACTICE REGISTERED NURSE,"=""078""",DIABETIC NURSE PRACTITIONER,363LP2300X,NURSE PRACTITIONER - PRIMARY CARE,source
"=""30""",ADVANCED PRACTICE REGISTERED NURSE,"=""080""",FAMILY NURSE,363L00000X,NURSE PRACTITIONER,source
"=""30""",ADVANCED PRACTICE REGISTERED NURSE,"=""080""",FAMILY NURSE,363LF0000X,NURSE PRACTITIONER - FAMILY,source
"=""30""",ADVANCED PRACTICE REGISTERED NURSE,"=""081""",FAMILY PLANNING,363L00000X,NURSE PRACTITIONER,source
"=""30""",ADVANCED PRACTICE REGISTERED NURSE,"=""081""",FAMILY PLANNING,363LF0000X,NURSE PRACTITIONER - FAMILY,source
"=""30""",ADVANCED PRACTICE REGISTERED NURSE,"=""082""",GERIATRIC,363L00000X,NURSE PRACTITIONER,source
"=""30""",ADVANCED PRACTICE REGISTERED NURSE,"=""082""",GERIATRIC,363LG0600X,NURSE PRACTITIONER - GERONTOLOGY,source
"=""30""",ADVANCED PRACTICE REGISTERED NURSE,"=""083""",MATERNAL/CHILD HEALTH FAMILY PLANNING,363LX0001X,NURSE PRACTITIONER - OBSTETRICS & GYNECOLOGY,source
"=""30""",ADVANCED PRACTICE REGISTERED NURSE,"=""084""",CERTIFIED REGISTERED NURSE ANESTHETIST,367500000X,"NURSE ANESTHETIST, CERTIFIED REGISTERED",source
"=""30""",ADVANCED PRACTICE REGISTERED NURSE,"=""085""",CERTIFIED REGISTERED NURSE MIDWIFE,367A00000X,ADVANCED PRACTICE MIDWIFE,source
"=""30""",ADVANCED PRACTICE REGISTERED NURSE,"=""086""",OB/GYN NURSE,363L00000X,NURSE PRACTITIONER,source
"=""30""",ADVANCED PRACTICE REGISTERED NURSE,"=""086""",OB/GYN NURSE,363LP1700X,NURSE PRACTITIONER - PERINATAL,source
"=""30""",ADVANCED PRACTICE REGISTERED NURSE,"=""086""",OB/GYN NURSE,363LW0102X,NURSE PRACTITIONER - WOMEN'S HEALTH,source
"=""30""",ADVANCED PRACTICE REGISTERED NURSE,"=""086""",OB/GYN NURSE,363LX0001X,NURSE PRACTITIONER - OBSTETRICS & GYNECOLOGY,source
"=""30""",ADVANCED PRACTICE REGISTERED NURSE,"=""087""",PEDIATRIC NURSE,363LN0000X,NURSE PRACTITIONER - NEONATAL,source
"=""30""",ADVANCED PRACTICE REGISTERED NURSE,"=""087""",PEDIATRIC NURSE,363LN0005X,"NURSE PRACTITIONER - NEONATAL, CRITICAL CARE",source
"=""30""",ADVANCED PRACTICE REGISTERED NURSE,"=""087""",PEDIATRIC NURSE,363LP0200X,NURSE PRACTITIONER - PEDIATRICS,source
"=""30""",ADVANCED PRACTICE REGISTERED NURSE,"=""087""",PEDIATRIC NURSE,363LP0222X,"NURSE PRACTITIONER - PEDIATRICS, CRITICAL CARE",source
"=""30""",ADVANCED PRACTICE REGISTERED NURSE,"=""160""",RETAIL HEALTH CLINIC,363L00000X,NURSE PRACTITIONER,source
"=""30""",ADVANCED PRACTICE REGISTERED NURSE,"=""177""",CMS/MFC TCM,363L00000X,NURSE PRACTITIONER,source
"=""30""",ADVANCED PRACTICE REGISTERED NURSE,"=""930""",NURSE PRACTITIONER (ARNP) - GROUP,363L00000X,NURSE PRACTITIONER,source
"=""30""",ADVANCED PRACTICE REGISTERED NURSE,"=""930""",NURSE PRACTITIONER (ARNP) - GROUP,363LA2100X,NURSE PRACTITIONER - ACUTE CARE,source
"=""30""",ADVANCED PRACTICE REGISTERED NURSE,"=""930""",NURSE PRACTITIONER (ARNP) - GROUP,363LC0200X,NURSE PRACTITIONER - CRITICAL CARE MEDICINE,source
"=""30""",ADVANCED PRACTICE REGISTERED NURSE,"=""930""",NURSE PRACTITIONER (ARNP) - GROUP,363LC1500X,NURSE PRACTITIONER - COMMUNITY HEALTH,source
"=""30""",ADVANCED PRACTICE REGISTERED NURSE,"=""930""",NURSE PRACTITIONER (ARNP) - GROUP,363LX0106X,NURSE PRACTITIONER - OCCUPATIONAL HEALTH,source
"=""31""",REGISTERED NURSE/REGISTERED NURSE FIRST ASSISTANT,"=""172""",RNFA,163WR0006X,REGISTERED NURSE - REGISTERED NURSE FIRST ASSISTANT,source
"=""31""",REGISTERED NURSE/REGISTERED NURSE FIRST ASSISTANT,"=""173""",COUNTY HEALTH DEPARTMENT CERTIFIED MATCH RN/LPN,163WC1500X,REGISTERED NURSE - COMMUNITY HEALTH,source
"=""31""",REGISTERED NURSE/REGISTERED NURSE FIRST ASSISTANT,"=""177""",CMS/MFC TCM,163WC1500X,REGISTERED NURSE - COMMUNITY HEALTH,source
"=""31""",REGISTERED NURSE/REGISTERED NURSE FIRST ASSISTANT,"=""931""",REGISTERED NURSE FIRST ASSISTANT,163W00000X,REGISTERED NURSE,source
"=""32""",SOCIAL WORKER/CASE MANAGER,"=""174""",MENTAL HEALTH TCM,104100000X,SOCIAL WORKER,source
"=""32""",SOCIAL WORKER/CASE MANAGER,"=""174""",MENTAL HEALTH TCM,1041C0700X,SOCIAL WORKER - CLINICAL,source
"=""32""",SOCIAL WORKER/CASE MANAGER,"=""174""",MENTAL HEALTH TCM,171M00000X,CASE MANAGER/CARE COORDINATOR,source
"=""32""",SOCIAL WORKER/CASE MANAGER,"=""175""",TCM FOR CHILDREN AT RISK OF ABUSE AND NEGLECT,104100000X,SOCIAL WORKER,source
"=""32""",SOCIAL WORKER/CASE MANAGER,"=""176""",DOH/CMS TCM,104100000X,SOCIAL WORKER,source
"=""32""",SOCIAL WORKER/CASE MANAGER,"=""177""",CMS/MFC TCM,1041C0700X,SOCIAL WORKER - CLINICAL,source
"=""32""",SOCIAL WORKER/CASE MANAGER,"=""932""",SOCIAL WORKER/CASE MANAGER,104100000X,SOCIAL WORKER,source
"=""32""",SOCIAL WORKER/CASE MANAGER,"=""932""",SOCIAL WORKER/CASE MANAGER,1041C0700X,SOCIAL WORKER - CLINICAL,source
"=""32""",SOCIAL WORKER/CASE MANAGER,"=""932""",SOCIAL WORKER/CASE MANAGER,405300000X,PREVENTION PROFESSIONAL,source
"=""34""",LICENSED MIDWIFE,"=""934""",LICENSED MIDWIFE,175M00000X,"MIDWIFE, LAY",source
"=""34""",LICENSED MIDWIFE,"=""934""",LICENSED MIDWIFE,176B00000X,MIDWIFE,source
"=""35""",DENTIST,"=""070""",ADULT DENTURES ONLY,122400000X,DENTURIST,source
"=""35""",DENTIST,"=""071""",GENERAL DENTISTRY,122300000X,DENTIST,source
"=""35""",DENTIST,"=""071""",GENERAL DENTISTRY,1223D0004X,DENTIST - DENTIST ANESTHESIOLOGIST,source
"=""35""",DENTIST,"=""071""",GENERAL DENTISTRY,1223E0200X,DENTIST - ENDODONTICS,source
"=""35""",DENTIST,"=""071""",GENERAL DENTISTRY,1223G0001X,DENTIST - GENERAL PRACTICE,source
"=""35""",DENTIST,"=""071""",GENERAL DENTISTRY,1223P0106X,DENTIST - ORAL AND MAXILLOFACIAL PATHOLOGY,source
"=""35""",DENTIST,"=""071""",GENERAL DENTISTRY,1223P0300X,DENTIST - PERIODONTICS,source
"=""35""",DENTIST,"=""071""",GENERAL DENTISTRY,1223P0700X,DENTIST - PROSTHODONTICS,source
"=""35""",DENTIST,"=""071""",GENERAL DENTISTRY,125Q00000X,"DENTAL PROVIDERS, DENTIST, ORAL MEDICINE",source
"=""35""",DENTIST,"=""072""",ORAL SURGERY (DENTIST),1223S0112X,DENTIST - ORAL AND MAXILLOFACIAL SURGERY,source
"=""35""",DENTIST,"=""072""",ORAL SURGERY (DENTIST),125Q00000X,"DENTAL PROVIDERS, DENTIST, ORAL MEDICINE",source
"=""35""",DENTIST,"=""073""",PEDODONTIST,1223P0221X,DENTIST - PEDIATRIC DENTISTRY,source
"=""35""",DENTIST,"=""074""",OTHER DENTIST,1223D0001X,DENTIST - DENTAL PUBLIC HEALTH,source
"=""35""",DENTIST,"=""074""",OTHER DENTIST,1223G0001X,DENTIST - GENERAL PRACTICE,source
"=""35""",DENTIST,"=""088""",ORTHODONTIST,1223X0400X,DENTIST - ORTHODONTICS AND DENTOFACIAL ORTHOPEDICS,source
"=""36""",MEDICAL ASSISTANT,"=""130""",ANESTHESIOLOGY ASSISTANT,367H00000X,ANESTHESIOLOGIST ASSISTANT,source
"=""37""",REGISTERED DENTAL HYGIENIST,"=""937""",REGISTERED DENTAL HYGIENIST,124Q00000X,DENTAL HYGIENIST,source
"=""37""",REGISTERED DENTAL HYGIENIST,"=""937""",REGISTERED DENTAL HYGIENIST,125K00000X,ADVANCED PRACTICE DENTAL THERAPIST,source
"=""39""",BEHAVIOR ANALYSIS,"=""390""",REGISTERED BEHAVIOR TECHNICIAN,101YA0400X,COUNSELOR - ADDICTION (SUBSTANCE USE DISORDER),source
"=""39""",BEHAVIOR ANALYSIS,"=""390""",REGISTERED BEHAVIOR TECHNICIAN,106S00000X,BEHAVIOR TECHNICIAN,source
"=""39""",BEHAVIOR ANALYSIS,"=""391""",ASSISTANT BEHAVIOR ANALYST,101Y00000X,COUNSELOR,source
"=""39""",BEHAVIOR ANALYSIS,"=""391""",ASSISTANT BEHAVIOR ANALYST,101YA0400X,COUNSELOR - ADDICTION (SUBSTANCE USE DISORDER),source
"=""39""",BEHAVIOR ANALYSIS,"=""391""",ASSISTANT BEHAVIOR ANALYST,106E00000X,ASSISTANT BEHAVIOR ANALYST,source
"=""39""",BEHAVIOR ANALYSIS,"=""392""",LEAD ANALYST,101Y00000X,COUNSELOR,source
"=""39""",BEHAVIOR ANALYSIS,"=""392""",LEAD ANALYST,101YA0400X,COUNSELOR - ADDICTION (SUBSTANCE USE DISORDER),source
"=""39""",BEHAVIOR ANALYSIS,"=""392""",LEAD ANALYST,101YP2500X,COUNSELOR - PROFESSIONAL,source
"=""39""",BEHAVIOR ANALYSIS,"=""392""",LEAD ANALYST,102L00000X,PSYCHOANALYST,source
"=""39""",BEHAVIOR ANALYSIS,"=""392""",LEAD ANALYST,103G00000X,CLINICAL NEUROPSYCHOLOGIST,source
"=""39""",BEHAVIOR ANALYSIS,"=""392""",LEAD ANALYST,103K00000X,BEHAVIORAL ANALYST,source
"=""39""",BEHAVIOR ANALYSIS,"=""392""",LEAD ANALYST,103TA0400X,PSYCHOLOGIST - ADDICTION (SUBSTANCE USE DISORDER),source
"=""39""",BEHAVIOR ANALYSIS,"=""392""",LEAD ANALYST,103TA0700X,PSYCHOLOGIST - ADULT DEVELOPMENT & AGING,source
"=""39""",BEHAVIOR ANALYSIS,"=""392""",LEAD ANALYST,103TB0200X,PSYCHOLOGIST - COGNITIVE & BEHAVIORAL,source
"=""39""",BEHAVIOR ANALYSIS,"=""392""",LEAD ANALYST,103TC0700X,PSYCHOLOGIST - CLINICAL,source
"=""39""",BEHAVIOR ANALYSIS,"=""392""",LEAD ANALYST,103TC1900X,PSYCHOLOGIST - COUNSELING,source
"=""39""",BEHAVIOR ANALYSIS,"=""392""",LEAD ANALYST,103TC2200X,PSYCHOLOGIST - CLINICAL CHILD & ADOLESCENT,source
"=""39""",BEHAVIOR ANALYSIS,"=""392""",LEAD ANALYST,103TE1100X,PSYCHOLOGIST - EXERCISE & SPORTS,source
"=""39""",BEHAVIOR ANALYSIS,"=""392""",LEAD ANALYST,103TF0000X,PSYCHOLOGIST - FAMILY,source
"=""39""",BEHAVIOR ANALYSIS,"=""392""",LEAD ANALYST,103TF0200X,PSYCHOLOGIST - FORENSIC,source
"=""39""",BEHAVIOR ANALYSIS,"=""392""",LEAD ANALYST,103TH0004X,PSYCHOLOGIST - HEALTH,source
"=""39""",BEHAVIOR ANALYSIS,"=""392""",LEAD ANALYST,103TH0100X,PSYCHOLOGIST - HEALTH SERVICE,source
"=""39""",BEHAVIOR ANALYSIS,"=""392""",LEAD ANALYST,103TM1800X,PSYCHOLOGIST - MENTAL RETARDATION & DEVELOPMENTAL DISABILITIES,source
"=""39""",BEHAVIOR ANALYSIS,"=""392""",LEAD ANALYST,103TP0016X,PSYCHOLOGIST - PRESCRIBING (MEDICAL),source
"=""39""",BEHAVIOR ANALYSIS,"=""392""",LEAD ANALYST,103TP0814X,PSYCHOLOGIST - PSYCHOANALYSIS,source
"=""39""",BEHAVIOR ANALYSIS,"=""392""",LEAD ANALYST,103TR0400X,PSYCHOLOGIST - REHABILITATION,source
"=""39""",BEHAVIOR ANALYSIS,"=""392""",LEAD ANALYST,103TS0200X,PSYCHOLOGIST - SCHOOL,source
"=""39""",BEHAVIOR ANALYSIS,"=""393""",BEHAVIOR ANALYSIS GROUP,103K00000X,BEHAVIORAL ANALYST,source
"=""40""",AMBULANCE,"=""940""",AMBULANCE,341600000X,AMBULANCE,source
"=""40""",AMBULANCE,"=""940""",AMBULANCE,3416L0300X,AMBULANCE - LAND TRANSPORT,source
"=""40""",AMBULANCE,"=""940""",AMBULANCE,3416S0300X,AMBULANCE - WATER TRANSPORT,source
"=""41""",NON-EMERGENCY TRANSPORT,"=""941""",NON-EMERGENCY TRANSPORT,342000000X,TRANSPORTATION NETWORK COMPANY,source
"=""41""",NON-EMERGENCY TRANSPORT,"=""941""",NON-EMERGENCY TRANSPORT,343900000X,NON-EMERGENCY MEDICAL TRANSPORT (VAN),source
"=""42""",AIR AMBULANCE,"=""942""",AIR AMBULANCE,3416A0800X,AMBULANCE - AIR TRANSPORT,source
"=""43""",TAXICAB COMPANY,"=""943""",TAXICAB COMPANY,344600000X,TAXI,source
"=""44""",GOVERNMENT/MUNICIPAL TRANSPORT,"=""944""",GOVERNMENT/MUNICIPAL TRANSPORT,3416A0800X,AMBULANCE - AIR TRANSPORT,source
"=""44""",GOVERNMENT/MUNICIPAL TRANSPORT,"=""944""",GOVERNMENT/MUNICIPAL TRANSPORT,3416L0300X,AMBULANCE - LAND TRANSPORT,source
"=""44""",GOVERNMENT/MUNICIPAL TRANSPORT,"=""944""",GOVERNMENT/MUNICIPAL TRANSPORT,3416S0300X,AMBULANCE - WATER TRANSPORT,source
"=""45""",PRIVATE TRANSPORTATION,"=""945""",PRIVATE TRANSPORTATION,347C00000X,PRIVATE VEHICLE,source
"=""46""",NON-PROFIT TRANSPORTATION,"=""946""",NON-PROFIT TRANSPORTATION,343900000X,NON-EMERGENCY MEDICAL TRANSPORT (VAN),source
"=""47""",MULTI-LOAD PRIVATE TRANSPORT,"=""947""",MULTI-LOAD PRIVATE TRANSPORT,343900000X,NON-EMERGENCY MEDICAL TRANSPORT (VAN),source
"=""50""",INDEPENDENT LABORATORY,"=""950""",INDEPENDENT LABORATORY,291U00000X,CLINICAL MEDICAL LABORATORY,source
"=""51""",PORTABLE X-RAY COMPANY,"=""951""",PORTABLE X-RAY COMPANY,261QR0207X,"CLINIC/CENTER - RADIOLOGY, MOBILE MAMMOGRAPHY",source
"=""51""",PORTABLE X-RAY COMPANY,"=""951""",PORTABLE X-RAY COMPANY,261QR0208X,"CLINIC/CENTER - RADIOLOGY, MOBILE",source
"=""51""",PORTABLE X-RAY COMPANY,"=""951""",PORTABLE X-RAY COMPANY,335V00000X,PORTABLE X-RAY SUPPLIER,source
"=""60""",AUDIOLOGIST,"=""960""",AUDIOLOGIST,231H00000X,AUDIOLOGIST,source
"=""60""",AUDIOLOGIST,"=""960""",AUDIOLOGIST,231HA2400X,AUDIOLOGIST - ASSISTIVE TECHNOLOGY PRACTITIONER,source
"=""60""",AUDIOLOGIST,"=""960""",AUDIOLOGIST,231HA2500X,AUDIOLOGIST - ASSISTIVE TECHNOLOGY SUPPLIER,source
"=""61""",HEARING AID SPECIALIST,"=""961""",HEARING AID SPECIALIST,235500000X,SPECIALIST/TECHNOLOGIST,source
"=""61""",HEARING AID SPECIALIST,"=""961""",HEARING AID SPECIALIST,237600000X,AUDIOLOGIST-HEARING AID FITTER,source
"=""61""",HEARING AID SPECIALIST,"=""961""",HEARING AID SPECIALIST,237700000X,HEARING INSTRUMENT SPECIALIST,source
"=""62""",OPTOMETRIST,"=""962""",OPTOMETRIST,152W00000X,OPTOMETRIST,source
"=""62""",OPTOMETRIST,"=""962""",OPTOMETRIST,152WC0802X,OPTOMETRIST - CORNEAL AND CONTACT MANAGEMENT,source
"=""62""",OPTOMETRIST,"=""962""",OPTOMETRIST,152WL0500X,OPTOMETRIST - LOW VISION REHABILITATION,source
"=""62""",OPTOMETRIST,"=""962""",OPTOMETRIST,152WP0200X,OPTOMETRIST - PEDIATRICS,source
"=""62""",OPTOMETRIST,"=""962""",OPTOMETRIST,152WS0006X,OPTOMETRIST - SPORTS VISION,source
"=""62""",OPTOMETRIST,"=""962""",OPTOMETRIST,152WV0400X,OPTOMETRIST - VISION THERAPY,source
"=""62""",OPTOMETRIST,"=""962""",OPTOMETRIST,152WX0102X,OPTOMETRIST - OCCUPATIONAL VISION,source
"=""62""",OPTOMETRIST,"=""962""",OPTOMETRIST,302F00000X,EXCLUSIVE PROVIDER ORGANIZATION,source
"=""63""",OPTICIAN,"=""963""",OPTICIAN,156FX1800X,TECHNICIAN/TECHNOLOGIST - OPTICIAN,source
"=""65""",HOME HEALTH SERVICES,"=""114""",PERSONAL CARE,253Z00000X,IN HOME SUPPORT CARE AGENCIES,source
"=""65""",HOME HEALTH SERVICES,"=""117""",INDEPENDENT HOME HEALTH NURSE - LPN,164W00000X,LICENSED PRACTICAL NURSE,source
"=""65""",HOME HEALTH SERVICES,"=""118""",INDEPENDENT HOME HEALTH NURSE - RN,163WH0200X,REGISTERED NURSE - HOME HEALTH,source
"=""65""",HOME HEALTH SERVICES,"=""221""",PRIVATE DUTY NURSING,251J00000X,NURSING CARE,source
"=""65""",HOME HEALTH SERVICES,"=""965""",HOME HEALTH AGENCY,251E00000X,HOME HEALTH,source
"=""65""",HOME HEALTH SERVICES,"=""965""",HOME HEALTH AGENCY,253Z00000X,IN HOME SUPPORT CARE AGENCIES,source
"=""65""",HOME HEALTH SERVICES,"=""965""",HOME HEALTH AGENCY,374U00000X,HOME HEALTH AIDE,source
"=""66""",RURAL HEALTH CLINIC,"=""966""",RURAL HEALTH CLINIC,261QR1300X,CLINIC/CENTER - RURAL HEALTH,source
"=""67""",HOME AND COMMUNITY BASED SERVICES WAIVER,"=""089""",ASSISTED LIVING FOR THE ELDERLY,310400000X,ASSISTED LIVING FACILITY,source
"=""67""",HOME AND COMMUNITY BASED SERVICES WAIVER,"=""095""",STATEWIDE MEDICAID MANAGED CARE WAIVER SERVICES,253Z00000X,IN HOME SUPPORT CARE AGENCIES,source
"=""67""",HOME AND COMMUNITY BASED SERVICES WAIVER,"=""095""",STATEWIDE MEDICAID MANAGED CARE WAIVER SERVICES,333300000X,PERSONAL EMERGENCY RESPONSE SYSTEMS,source
"=""67""",HOME AND COMMUNITY BASED SERVICES WAIVER,"=""095""",STATEWIDE MEDICAID MANAGED CARE WAIVER SERVICES,3747A0650X,TECHNICIAN - ATTENDANT CARE PROVIDER,source
"=""67""",HOME AND COMMUNITY BASED SERVICES WAIVER,"=""096""",DEVELOPMENTAL DISABILITY,251C00000X,"DAY TRAINING, DEVELOPMENTALLY DISABLED SERVICES",source
"=""67""",HOME AND COMMUNITY BASED SERVICES WAIVER,"=""096""",DEVELOPMENTAL DISABILITY,251J00000X,NURSING CARE,source
"=""67""",HOME AND COMMUNITY BASED SERVICES WAIVER,"=""096""",DEVELOPMENTAL DISABILITY,261QD1600X,CLINIC/CENTER - DEVELOPMENTAL DISABILITIES,source
"=""67""",HOME AND COMMUNITY BASED SERVICES WAIVER,"=""096""",DEVELOPMENTAL DISABILITY,320900000X,"COMMUNITY BASED RESIDENTIAL TREATMENT, MENTAL RETARDATION AND/OR DEVELOPMENTAL DISABILITIES",source
"=""67""",HOME AND COMMUNITY BASED SERVICES WAIVER,"=""113""",ADULT DAY CARE,261QA0600X,CLINIC/CENTER - ADULT DAY CARE,source
"=""67""",HOME AND COMMUNITY BASED SERVICES WAIVER,"=""113""",ADULT DAY CARE,385H00000X,RESPITE CARE,source
"=""67""",HOME AND COMMUNITY BASED SERVICES WAIVER,"=""967""",HOME & COMMUNITY-BASED SERVICES WAIVER,251J00000X,NURSING CARE,source
"=""68""",FEDERALLY QUALIFIED HEALTH CENTER,"=""968""",FEDERALLY QUALIFIED HEALTH CENTER,261QF0400X,CLINIC/CENTER - FEDERALLY QUALIFIED HEALTH CENTER (FQHC),source
"=""69""",BIRTH CENTER,"=""969""",BIRTH CENTER,261QB0400X,CLINIC/CENTER - BIRTHING,source
"=""70""",MEDICAID HEALTH PLAN,"=""600""",CNET CAPITATED TRANSPORTATION,343900000X,NON-EMERGENCY MEDICAL TRANSPORT (VAN),source
"=""70""",MEDICAID HEALTH PLAN,"=""601""",DUAL SPECIAL NEEDS PLAN,302R00000X,HEALTH MAINTENANCE ORGANIZATION,source
"=""70""",MEDICAID HEALTH PLAN,"=""670""",SMMC-CAPITATED LTC,302R00000X,HEALTH MAINTENANCE ORGANIZATION,source
"=""70""",MEDICAID HEALTH PLAN,"=""671""",IDD - INTELLECTUAL AND DEVELOPMENTAL DISABILITIES,302R00000X,HEALTH MAINTENANCE ORGANIZATION,source
"=""70""",MEDICAID HEALTH PLAN,"=""672""",SMMC-CAPITATED MMA,302R00000X,HEALTH MAINTENANCE ORGANIZATION,source
"=""70""",MEDICAID HEALTH PLAN,"=""673""",SMMC-CAPITATED MMA SPECIALTY,302R00000X,HEALTH MAINTENANCE ORGANIZATION,source
"=""70""",MEDICAID HEALTH PLAN,"=""674""",SMMC-CAPITATED MMA CHILD WELFARE,302R00000X,HEALTH MAINTENANCE ORGANIZATION,source
"=""70""",MEDICAID HEALTH PLAN,"=""675""",MMA DOH CMS,302R00000X,HEALTH MAINTENANCE ORGANIZATION,source
"=""70""",MEDICAID HEALTH PLAN,"=""676""",CMSN,302R00000X,HEALTH MAINTENANCE ORGANIZATION,source
"=""70""",MEDICAID HEALTH PLAN,"=""970""",HMO,302F00000X,EXCLUSIVE PROVIDER ORGANIZATION,source
"=""70""",MEDICAID HEALTH PLAN,"=""970""",HMO,302R00000X,HEALTH MAINTENANCE ORGANIZATION,source
"=""70""",MEDICAID HEALTH PLAN,"=""970""",HMO,305R00000X,PREFERRED PROVIDER ORGANIZATION,source
"=""77""",COUNTY HEALTH DEPARTMENT,"=""977""",COUNTY HEALTH DEPARTMENT,251K00000X,PUBLIC HEALTH OR WELFARE,source
"=""77""",COUNTY HEALTH DEPARTMENT,"=""977""",COUNTY HEALTH DEPARTMENT,261QP0905X,"CLINIC/CENTER - PUBLIC HEALTH, STATE OR LOCAL",source
"=""78""",CHILDREN'S MEDICAL SERVICES,"=""978""",CHILDREN'S MEDICAL SERVICES,261Q00000X,CLINIC/CENTER,source
"=""81""",PROFESSIONAL EARLY INTERVENTION SERVICES,"=""981""",PROFESSIONAL EARLY INTERVENTION SERVICES,222Q00000X,DEVELOPMENTAL THERAPIST,source
"=""81""",PROFESSIONAL EARLY INTERVENTION SERVICES,"=""981""",PROFESSIONAL EARLY INTERVENTION SERVICES,252Y00000X,EARLY INTERVENTION PROVIDER AGENCY,source
"=""83""","THERAPIST (PT, OT, ST, RT)","=""090""",OCCUPATIONAL THERAPIST,225X00000X,OCCUPATIONAL THERAPIST,source
"=""83""","THERAPIST (PT, OT, ST, RT)","=""090""",OCCUPATIONAL THERAPIST,225XE0001X,OCCUPATIONAL THERAPIST - ENVIRONMENTAL MODIFICATION,source
"=""83""","THERAPIST (PT, OT, ST, RT)","=""090""",OCCUPATIONAL THERAPIST,225XE1200X,OCCUPATIONAL THERAPIST - ERGONOMICS,source
"=""83""","THERAPIST (PT, OT, ST, RT)","=""090""",OCCUPATIONAL THERAPIST,225XF0002X,"OCCUPATIONAL THERAPIST - FEEDING, EATING AND SWALLOWING",source
"=""83""","THERAPIST (PT, OT, ST, RT)","=""090""",OCCUPATIONAL THERAPIST,225XG0600X,OCCUPATIONAL THERAPIST - GERONTOLOGY,source
"=""83""","THERAPIST (PT, OT, ST, RT)","=""090""",OCCUPATIONAL THERAPIST,225XH1200X,OCCUPATIONAL THERAPIST - HAND,source
"=""83""","THERAPIST (PT, OT, ST, RT)","=""090""",OCCUPATIONAL THERAPIST,225XH1300X,OCCUPATIONAL THERAPIST - HUMAN FACTORS,source
"=""83""","THERAPIST (PT, OT, ST, RT)","=""090""",OCCUPATIONAL THERAPIST,225XL0004X,OCCUPATIONAL THERAPIST - LOW VISION,source
"=""83""","THERAPIST (PT, OT, ST, RT)","=""090""",OCCUPATIONAL THERAPIST,225XM0800X,OCCUPATIONAL THERAPIST - MENTAL HEALTH,source
"=""83""","THERAPIST (PT, OT, ST, RT)","=""090""",OCCUPATIONAL THERAPIST,225XN1300X,OCCUPATIONAL THERAPIST - NEUROREHABILITATION,source
"=""83""","THERAPIST (PT, OT, ST, RT)","=""090""",OCCUPATIONAL THERAPIST,225XP0019X,OCCUPATIONAL THERAPIST - PHYSICAL REHABILITATION,source
"=""83""","THERAPIST (PT, OT, ST, RT)","=""090""",OCCUPATIONAL THERAPIST,225XP0200X,OCCUPATIONAL THERAPIST - PEDIATRICS,source
"=""83""","THERAPIST (PT, OT, ST, RT)","=""090""",OCCUPATIONAL THERAPIST,225XR0403X,OCCUPATIONAL THERAPIST - DRIVING AND COMMUNITY MOBILITY,source
"=""83""","THERAPIST (PT, OT, ST, RT)","=""091""",PHYSICAL THERAPIST,225100000X,PHYSICAL THERAPIST,source
"=""83""","THERAPIST (PT, OT, ST, RT)","=""091""",PHYSICAL THERAPIST,2251C2600X,PHYSICAL THERAPIST - CARDIOPULMONARY,source
"=""83""","THERAPIST (PT, OT, ST, RT)","=""091""",PHYSICAL THERAPIST,2251E1200X,PHYSICAL THERAPIST - ERGONOMICS,source
"=""83""","THERAPIST (PT, OT, ST, RT)","=""091""",PHYSICAL THERAPIST,2251E1300X,"PHYSICAL THERAPIST - ELECTROPHYSIOLOGY, CLINICAL",source
"=""83""","THERAPIST (PT, OT, ST, RT)","=""091""",PHYSICAL THERAPIST,2251G0304X,PHYSICAL THERAPIST - GERIATRICS,source
"=""83""","THERAPIST (PT, OT, ST, RT)","=""091""",PHYSICAL THERAPIST,2251H1200X,PHYSICAL THERAPIST - HAND,source
"=""83""","THERAPIST (PT, OT, ST, RT)","=""091""",PHYSICAL THERAPIST,2251H1300X,PHYSICAL THERAPIST - HUMAN FACTORS,source
"=""83""","THERAPIST (PT, OT, ST, RT)","=""091""",PHYSICAL THERAPIST,2251N0400X,PHYSICAL THERAPIST - NEUROLOGY,source
"=""83""","THERAPIST (PT, OT, ST, RT)","=""091""",PHYSICAL THERAPIST,2251P0200X,PHYSICAL THERAPIST - PEDIATRICS,source
"=""83""","THERAPIST (PT, OT, ST, RT)","=""091""",PHYSICAL THERAPIST,2251S0007X,PHYSICAL THERAPIST - SPORTS,source
"=""83""","THERAPIST (PT, OT, ST, RT)","=""091""",PHYSICAL THERAPIST,2251X0800X,PHYSICAL THERAPIST - ORTHOPEDIC,source
"=""83""","THERAPIST (PT, OT, ST, RT)","=""092""",SPEECH THERAPIST,235Z00000X,SPEECH-LANGUAGE PATHOLOGIST,source
"=""83""","THERAPIST (PT, OT, ST, RT)","=""093""",RESPIRATORY THERAPIST,227800000X,"RESPIRATORY THERAPIST, CERTIFIED",source
"=""83""","THERAPIST (PT, OT, ST, RT)","=""093""",RESPIRATORY THERAPIST,2278C0205X,"RESPIRATORY THERAPIST, CERTIFIED - CRITICAL CARE",source
"=""83""","THERAPIST (PT, OT, ST, RT)","=""093""",RESPIRATORY THERAPIST,2278E0002X,"RESPIRATORY THERAPIST, CERTIFIED - EMERGENCY CARE",source
"=""83""","THERAPIST (PT, OT, ST, RT)","=""093""",RESPIRATORY THERAPIST,2278E1000X,"RESPIRATORY THERAPIST, CERTIFIED - EDUCATIONAL",source
"=""83""","THERAPIST (PT, OT, ST, RT)","=""093""",RESPIRATORY THERAPIST,2278G0305X,"RESPIRATORY THERAPIST, CERTIFIED - GERIATRIC CARE",source
"=""83""","THERAPIST (PT, OT, ST, RT)","=""093""",RESPIRATORY THERAPIST,2278G1100X,"RESPIRATORY THERAPIST, CERTIFIED - GENERAL CARE",source
"=""83""","THERAPIST (PT, OT, ST, RT)","=""093""",RESPIRATORY THERAPIST,2278P1004X,"RESPIRATORY THERAPIST, CERTIFIED - PULMONARY DIAGNOSTICS",source
"=""83""","THERAPIST (PT, OT, ST, RT)","=""093""",RESPIRATORY THERAPIST,2278P1005X,"RESPIRATORY THERAPIST, CERTIFIED - PULMONARY REHABILITATION",source
"=""83""","THERAPIST (PT, OT, ST, RT)","=""093""",RESPIRATORY THERAPIST,2278P1006X,"RESPIRATORY THERAPIST, CERTIFIED - PULMONARY FUNCTION TECHNOLOGIST",source
"=""83""","THERAPIST (PT, OT, ST, RT)","=""093""",RESPIRATORY THERAPIST,2278P3800X,"RESPIRATORY THERAPIST, CERTIFIED - PALLIATIVE/HOSPICE",source
"=""83""","THERAPIST (PT, OT, ST, RT)","=""093""",RESPIRATORY THERAPIST,2278P3900X,"RESPIRATORY THERAPIST, CERTIFIED - NEONATAL/PEDIATRICS",source
"=""83""","THERAPIST (PT, OT, ST, RT)","=""093""",RESPIRATORY THERAPIST,2278P4000X,"RESPIRATORY THERAPIST, CERTIFIED - PATIENT TRANSPORT",source
"=""83""","THERAPIST (PT, OT, ST, RT)","=""093""",RESPIRATORY THERAPIST,2278S1500X,"RESPIRATORY THERAPIST, CERTIFIED - SNF/SUBACUTE CARE",source
"=""83""","THERAPIST (PT, OT, ST, RT)","=""093""",RESPIRATORY THERAPIST,227900000X,"RESPIRATORY THERAPIST, REGISTERED",source
"=""83""","THERAPIST (PT, OT, ST, RT)","=""093""",RESPIRATORY THERAPIST,2279C0205X,"RESPIRATORY THERAPIST, REGISTERED - CRITICAL CARE",source
"=""83""","THERAPIST (PT, OT, ST, RT)","=""093""",RESPIRATORY THERAPIST,2279E0002X,"RESPIRATORY THERAPIST, REGISTERED - EMERGENCY CARE",source
"=""83""","THERAPIST (PT, OT, ST, RT)","=""093""",RESPIRATORY THERAPIST,2279E1000X,"RESPIRATORY THERAPIST, REGISTERED - EDUCATIONAL",source
"=""83""","THERAPIST (PT, OT, ST, RT)","=""093""",RESPIRATORY THERAPIST,2279G0305X,"RESPIRATORY THERAPIST, REGISTERED - GERIATRIC CARE",source
"=""83""","THERAPIST (PT, OT, ST, RT)","=""093""",RESPIRATORY THERAPIST,2279G1100X,"RESPIRATORY THERAPIST, REGISTERED - GENERAL CARE",source
"=""83""","THERAPIST (PT, OT, ST, RT)","=""093""",RESPIRATORY THERAPIST,2279H0200X,"RESPIRATORY THERAPIST, REGISTERED - HOME HEALTH",source
"=""83""","THERAPIST (PT, OT, ST, RT)","=""093""",RESPIRATORY THERAPIST,2279P1004X,"RESPIRATORY THERAPIST, REGISTERED - PULMONARY DIAGNOSTICS",source
"=""83""","THERAPIST (PT, OT, ST, RT)","=""093""",RESPIRATORY THERAPIST,2279P1005X,"RESPIRATORY THERAPIST, REGISTERED - PULMONARY REHABILITATION",source
"=""83""","THERAPIST (PT, OT, ST, RT)","=""093""",RESPIRATORY THERAPIST,2279P1006X,"RESPIRATORY THERAPIST, REGISTERED - PULMONARY FUNCTION TECHNOLOGIST",source
"=""83""","THERAPIST (PT, OT, ST, RT)","=""093""",RESPIRATORY THERAPIST,2279P3800X,"RESPIRATORY THERAPIST, REGISTERED - PALLIATIVE/HOSPICE",source
"=""83""","THERAPIST (PT, OT, ST, RT)","=""093""",RESPIRATORY THERAPIST,2279P3900X,"RESPIRATORY THERAPIST, REGISTERED - NEONATAL/PEDIATRICS",source
"=""83""","THERAPIST (PT, OT, ST, RT)","=""093""",RESPIRATORY THERAPIST,2279P4000X,"RESPIRATORY THERAPIST, REGISTERED - PATIENT TRANSPORT",source
"=""83""","THERAPIST (PT, OT, ST, RT)","=""093""",RESPIRATORY THERAPIST,2279S1500X,"RESPIRATORY THERAPIST, REGISTERED - SNF/SUBACUTE CARE",source
"=""83""","THERAPIST (PT, OT, ST, RT)","=""983""","THERAPIST (PT, OT, ST, RT) - GROUP",261Q00000X,CLINIC/CENTER,source
"=""84""",SCHOOL HEALTH PROVIDER,"=""813""",OCCUPATIONAL THERAPY ASSISTANT,224Z00000X,OCCUPATIONAL THERAPY ASSISTANT,source
"=""84""",SCHOOL HEALTH PROVIDER,"=""814""",PHYSICAL THERAPY ASSISTANT,225200000X,PHYSICAL THERAPY ASSISTANT,source
"=""84""",SCHOOL HEALTH PROVIDER,"=""815""",SPEECH-LANGUAGE PATHOLOGY ASSISTANT,2355S0801X,SPECIALIST/TECHNOLOGIST - SPEECH-LANGUAGE ASSISTANT,source
"=""84""",SCHOOL HEALTH PROVIDER,"=""816""",SCHOOL COUNSELOR,101YS0200X,COUNSELOR - SCHOOL,source
"=""84""",SCHOOL HEALTH PROVIDER,"=""817""",LICENSED PRACTICAL NURSE,164X00000X,LICENSED VOCATIONAL NURSE,source
"=""84""",SCHOOL HEALTH PROVIDER,"=""819""",SCHOOL PSYCHOLOGIST,103TS0200X,PSYCHOLOGIST - SCHOOL,source
"=""84""",SCHOOL HEALTH PROVIDER,"=""820""",SOCIAL WORKER,1041S0200X,SOCIAL WORKER - SCHOOL,source
"=""84""",SCHOOL HEALTH PROVIDER,"=""821""",MARRIAGE AND FAMILY THERAPIST,106H00000X,MARRIAGE & FAMILY THERAPIST,source
"=""84""",SCHOOL HEALTH PROVIDER,"=""822""",MENTAL HEALTH COUNSELOR,101YS0200X,COUNSELOR - SCHOOL,source
"=""84""",SCHOOL HEALTH PROVIDER,"=""823""",CERTIFIED BEHAVIOR ANALYST - LEAD,103K00000X,BEHAVIORAL ANALYST,source
"=""84""",SCHOOL HEALTH PROVIDER,"=""824""",CERTIFIED ASSISTANT BEHAVIOR ANALYST,106E00000X,ASSISTANT BEHAVIOR ANALYST,source
"=""84""",SCHOOL HEALTH PROVIDER,"=""825""",OCCUPATIONAL THERAPIST,225X00000X,OCCUPATIONAL THERAPIST,source
"=""84""",SCHOOL HEALTH PROVIDER,"=""826""",PHYSICAL THERAPIST,225100000X,PHYSICAL THERAPIST,source
"=""84""",SCHOOL HEALTH PROVIDER,"=""827""",SPEECH LANGUAGE PATHOLOGIST,235Z00000X,SPEECH-LANGUAGE PATHOLOGIST,source
"=""84""",SCHOOL HEALTH PROVIDER,"=""828""",REGISTERED NURSES,163WS0200X,REGISTERED NURSE - SCHOOL,source
"=""89""",DIALYSIS CENTER,"=""989""",DIALYSIS CENTER,261QE0700X,CLINIC/CENTER - END-STAGE RENAL DISEASE (ESRD) TREATMENT,source
"=""90""",DURABLE MED EQUIPT/ MEDICAL SUPPLIES,"=""069""",MEDICAL OXYGEN RETAILER,332BX2000X,DURABLE MEDICAL EQUIPMENT & MEDICAL SUPPLIES - OXYGEN EQUIPMENT & SUPPLIES,source
"=""90""",DURABLE MED EQUIPT/ MEDICAL SUPPLIES,"=""990""",DURABLE MED EQUIPT/ MEDICAL SUPPLIES,1744P3200X,SPECIALIST - PROSTHETICS CASE MANAGEMENT,source
"=""90""",DURABLE MED EQUIPT/ MEDICAL SUPPLIES,"=""990""",DURABLE MED EQUIPT/ MEDICAL SUPPLIES,222Z00000X,ORTHOTIST,source
"=""90""",DURABLE MED EQUIPT/ MEDICAL SUPPLIES,"=""990""",DURABLE MED EQUIPT/ MEDICAL SUPPLIES,224900000X,MASTECTOMY FITTER,source
"=""90""",DURABLE MED EQUIPT/ MEDICAL SUPPLIES,"=""990""",DURABLE MED EQUIPT/ MEDICAL SUPPLIES,224L00000X,PEDORTHIST,source
"=""90""",DURABLE MED EQUIPT/ MEDICAL SUPPLIES,"=""990""",DURABLE MED EQUIPT/ MEDICAL SUPPLIES,224P00000X,PROSTHETIST,source
"=""90""",DURABLE MED EQUIPT/ MEDICAL SUPPLIES,"=""990""",DURABLE MED EQUIPT/ MEDICAL SUPPLIES,225000000X,ORTHOTIC FITTER,source
"=""90""",DURABLE MED EQUIPT/ MEDICAL SUPPLIES,"=""990""",DURABLE MED EQUIPT/ MEDICAL SUPPLIES,332B00000X,DURABLE MEDICAL EQUIPMENT & MEDICAL SUPPLIES,source
"=""90""",DURABLE MED EQUIPT/ MEDICAL SUPPLIES,"=""990""",DURABLE MED EQUIPT/ MEDICAL SUPPLIES,332BC3200X,DURABLE MEDICAL EQUIPMENT & MEDICAL SUPPLIES - CUSTOMIZED EQUIPMENT,source
"=""90""",DURABLE MED EQUIPT/ MEDICAL SUPPLIES,"=""990""",DURABLE MED EQUIPT/ MEDICAL SUPPLIES,332BD1200X,DURABLE MEDICAL EQUIPMENT & MEDICAL SUPPLIES - DIALYSIS EQUIPMENT & SUPPLIES,source
"=""90""",DURABLE MED EQUIPT/ MEDICAL SUPPLIES,"=""990""",DURABLE MED EQUIPT/ MEDICAL SUPPLIES,332BN1400X,DURABLE MEDICAL EQUIPMENT & MEDICAL SUPPLIES - NURSING FACILITY SUPPLIES,source
"=""90""",DURABLE MED EQUIPT/ MEDICAL SUPPLIES,"=""990""",DURABLE MED EQUIPT/ MEDICAL SUPPLIES,332BP3500X,DURABLE MEDICAL EQUIPMENT & MEDICAL SUPPLIES - PARENTERAL & ENTERAL NUTRITION,source
"=""90""",DURABLE MED EQUIPT/ MEDICAL SUPPLIES,"=""990""",DURABLE MED EQUIPT/ MEDICAL SUPPLIES,335E00000X,PROSTHETIC/ORTHOTIC SUPPLIER,source
"=""91""",CASE MANAGEMENT AGENCY,"=""174""",MENTAL HEALTH TCM,251B00000X,CASE MANAGEMENT,source
"=""91""",CASE MANAGEMENT AGENCY,"=""175""",TCM FOR CHILDREN AT RISK OF ABUSE AND NEGLECT,251B00000X,CASE MANAGEMENT,source
"=""91""",CASE MANAGEMENT AGENCY,"=""176""",DOH/CMS TCM,251B00000X,CASE MANAGEMENT,source
"=""91""",CASE MANAGEMENT AGENCY,"=""177""",CMS/MFC TCM,251B00000X,CASE MANAGEMENT,source
"=""91""",CASE MANAGEMENT AGENCY,"=""178""",PROVIDER SERVICE NETWORK,251B00000X,CASE MANAGEMENT,source
"=""91""",CASE MANAGEMENT AGENCY,"=""691""",SMMC-FFS LTC,302R00000X,HEALTH MAINTENANCE ORGANIZATION,source
"=""91""",CASE MANAGEMENT AGENCY,"=""692""",SMMC-FFS MMA,302R00000X,HEALTH MAINTENANCE ORGANIZATION,source
"=""91""",CASE MANAGEMENT AGENCY,"=""693""",SMMC-FFS MMA SPECIALTY,302R00000X,HEALTH MAINTENANCE ORGANIZATION,source
"=""91""",CASE MANAGEMENT AGENCY,"=""694""",SMMC-FFS MMA CHILD WELFARE,302R00000X,HEALTH MAINTENANCE ORGANIZATION,source
"=""91""",CASE MANAGEMENT AGENCY,"=""991""",CASE MANAGEMENT AGENCY,251B00000X,CASE MANAGEMENT,source
"=""97""",MANAGED CARE TREATING PROVIDER - NON-MEDICAID,"=""800""",MANAGED CARE TREATING PROVIDER - ACUPUNCTURIST,171100000X,A CUPUNCTURIST,source
"=""97""",MANAGED CARE TREATING PROVIDER - NON-MEDICAID,"=""801""",MANAGED CARE TREATING PROVIDER - NUTRITIONIST,133N00000X,NUTRITIONIST,source
"=""97""",MANAGED CARE TREATING PROVIDER - NON-MEDICAID,"=""801""",MANAGED CARE TREATING PROVIDER - NUTRITIONIST,133VN1006X,"NUTRITION, METABOLIC",source
"=""97""",MANAGED CARE TREATING PROVIDER - NON-MEDICAID,"=""802""",MANAGED CARE TREATING PROVIDER - INDPDT DIAGNOST,261QM1200X,CLINIC/CENTER - MAGNETIC RESONANCE IMAGING (MRI),source
"=""97""",MANAGED CARE TREATING PROVIDER - NON-MEDICAID,"=""973""",SMMC TYPICAL SITE VISIT,261QM1200X,CLINIC/CENTER - MAGNETIC RESONANCE IMAGING (MRI),source
"=""97""",MANAGED CARE TREATING PROVIDER - NON-MEDICAID,"=""974""",SMMC TYPICAL NO SITE VISIT,132700000X,DIETARY MANAGER,source
